,cluster_agglomerative
1.160.162.253,0
1.162.30.190,0
1.168.28.155,3
1.168.67.215,3
1.169.120.52,3
1.179.190.36,0
1.4.130.157,3
1.50.217.139,0
1.52.98.76,3
1.55.177.219,0
1.55.182.92,3
1.55.209.13,3
1.55.249.116,3
100.43.85.181,0
101.109.197.123,3
101.204.228.38,0
101.255.64.210,3
101.51.115.17,3
101.51.172.197,3
101.51.43.156,3
101.78.227.226,0
101.80.111.96,0
101.99.15.115,2
103.103.121.218,0
103.103.68.9,3
103.104.34.10,3
103.14.245.12,0
103.19.169.220,3
103.198.52.6,3
103.199.37.152,3
103.211.50.2,0
103.219.12.77,3
103.219.69.186,3
103.225.93.13,3
103.230.123.138,3
103.231.189.232,0
103.237.175.114,3
103.238.68.57,3
103.242.110.18,3
103.244.1.54,0
103.248.196.34,3
103.248.248.210,3
103.26.247.254,0
103.30.141.212,2
103.30.222.158,0
103.37.29.170,3
103.47.57.2,3
103.5.183.42,3
103.5.25.75,3
103.5.47.70,0
103.5.47.78,0
103.5.47.79,0
103.55.146.137,3
103.55.184.7,3
103.6.146.130,3
103.60.172.10,0
103.60.172.186,3
103.69.8.2,2
103.70.45.137,0
103.71.96.195,0
103.81.12.42,3
103.84.38.100,3
103.85.224.166,3
103.85.98.173,3
103.86.130.111,0
103.86.42.72,0
103.9.90.2,3
103.94.84.71,0
103.98.158.7,0
104.107.50.171,0
104.118.6.128,0
104.121.156.203,0
104.152.169.38,0
104.152.185.223,3
104.152.185.251,3
104.152.208.253,3
104.152.208.41,2
104.152.208.62,3
104.152.209.121,3
104.152.210.17,0
104.152.210.27,3
104.154.95.239,0
104.16.117.12,0
104.16.124.175,0
104.16.18.13,0
104.16.204.165,0
104.16.205.165,0
104.16.206.165,0
104.16.207.165,0
104.16.208.165,0
104.16.229.27,0
104.16.32.27,0
104.16.58.5,0
104.16.83.55,0
104.16.84.55,0
104.16.85.20,0
104.16.86.20,0
104.16.87.20,0
104.16.88.20,0
104.16.89.20,0
104.160.64.9,0
104.17.168.182,0
104.17.169.182,0
104.17.201.123,0
104.17.244.188,0
104.17.80.191,0
104.18.36.50,0
104.18.37.50,0
104.19.192.102,0
104.19.193.102,0
104.19.194.102,0
104.19.195.102,0
104.19.196.102,0
104.192.142.44,0
104.193.74.191,0
104.193.82.52,0
104.20.116.11,0
104.20.117.11,0
104.20.15.243,0
104.20.151.16,0
104.20.16.243,0
104.20.2.40,0
104.20.222.36,0
104.20.223.36,0
104.20.30.2,0
104.20.31.2,0
104.20.38.14,0
104.20.39.14,0
104.20.52.8,0
104.20.62.188,0
104.20.63.168,0
104.20.63.188,0
104.20.64.168,0
104.20.80.244,0
104.20.94.73,0
104.20.95.73,0
104.208.232.49,0
104.210.149.182,0
104.216.145.22,0
104.216.96.156,3
104.236.143.191,0
104.238.184.122,3
104.24.110.133,0
104.24.111.169,0
104.24.2.77,0
104.24.30.32,0
104.244.42.65,0
104.244.43.112,0
104.244.43.113,0
104.244.43.144,0
104.244.43.16,0
104.244.43.17,0
104.244.43.176,0
104.244.43.48,0
104.244.43.80,0
104.244.46.135,0
104.244.46.199,0
104.244.46.231,0
104.244.46.7,0
104.244.46.71,0
104.25.135.37,0
104.25.136.37,0
104.27.170.98,0
104.27.171.98,0
104.27.180.197,0
104.27.181.197,0
104.28.20.184,0
104.28.21.184,0
104.31.84.81,0
104.31.85.81,0
104.67.85.151,0
104.67.87.96,0
104.67.89.115,0
104.86.80.239,0
104.86.87.161,0
104.91.38.127,0
105.112.88.66,2
105.228.94.188,3
106.2.36.141,2
106.2.89.52,3
106.223.156.97,3
106.223.85.110,3
106.51.106.152,0
106.51.127.54,3
106.51.16.225,3
106.51.177.220,3
106.51.28.41,2
106.67.24.128,3
106.84.154.147,0
107.152.3.101,0
107.160.254.162,0
107.170.229.27,0
107.175.89.198,3
107.178.240.89,0
107.178.254.65,0
107.181.174.130,0
107.20.135.198,0
107.20.162.225,0
107.20.164.115,0
107.20.177.212,0
107.20.189.177,0
107.20.216.34,0
107.21.111.191,0
107.21.205.62,0
107.21.232.68,0
107.21.40.148,0
107.217.94.48,0
107.22.182.161,0
107.22.185.72,0
107.22.226.112,0
107.22.227.142,0
107.22.243.68,0
107.23.151.76,0
107.23.60.106,0
107.23.92.66,0
107.23.95.151,0
108.161.140.98,3
108.161.188.192,0
108.161.189.121,0
108.168.172.162,0
108.174.10.14,0
108.174.10.19,0
108.174.11.1,0
108.175.2.252,0
108.175.3.79,3
108.177.98.103,0
108.177.98.104,0
108.177.98.105,0
108.177.98.106,0
108.177.98.147,0
108.177.98.99,0
108.199.26.226,0
108.21.232.91,0
108.29.208.120,3
108.43.233.37,0
109.110.12.150,0
109.111.25.147,0
109.166.89.187,3
109.177.147.154,3
109.184.175.251,2
109.188.66.85,3
109.195.54.147,0
109.199.125.97,0
109.201.152.18,0
109.202.0.226,3
109.227.219.198,3
109.228.28.18,0
109.230.76.226,3
109.236.89.133,0
109.238.238.30,2
109.26.235.185,3
109.75.43.195,3
109.87.125.118,3
109.95.229.123,3
109.95.50.47,3
110.136.118.242,3
110.136.46.123,3
110.136.55.165,3
110.137.153.91,3
110.137.19.248,3
110.137.204.1,3
110.138.149.185,3
110.138.155.123,3
110.139.203.209,3
110.152.236.140,0
110.251.246.219,0
110.34.13.4,0
110.36.172.116,0
110.67.91.131,3
110.77.131.70,0
110.77.168.122,2
110.77.237.48,3
110.9.175.177,3
110.9.175.206,3
111.15.169.192,0
111.15.36.240,0
111.221.29.254,0
111.23.105.74,0
111.240.22.172,3
111.246.20.228,0
111.251.106.123,2
111.251.41.151,3
111.252.203.39,3
111.253.21.186,3
111.254.219.243,3
111.255.125.52,3
111.41.168.110,0
111.41.189.237,0
111.68.102.20,3
111.8.235.115,0
111.90.185.228,2
111.93.139.195,3
111.93.186.194,3
111.93.230.82,3
112.116.28.12,0
112.133.231.57,3
112.133.244.103,0
112.197.16.50,3
112.200.109.40,3
112.210.153.119,3
112.215.200.39,3
112.24.72.72,0
112.3.132.11,0
112.38.108.197,0
112.38.192.118,0
112.39.143.167,0
112.39.9.205,0
112.41.15.231,0
112.41.9.48,0
113.11.44.15,3
113.142.176.168,0
113.160.100.131,3
113.160.141.58,3
113.160.180.137,3
113.160.181.58,2
113.160.245.20,0
113.160.3.30,3
113.160.66.210,2
113.160.94.70,3
113.161.163.212,3
113.161.18.121,2
113.161.196.10,0
113.161.61.21,3
113.161.67.190,3
113.161.78.230,0
113.161.79.152,3
113.167.46.230,3
113.168.213.247,3
113.176.13.188,0
113.180.19.126,3
113.186.97.39,3
113.188.70.68,3
113.190.160.86,3
113.190.18.116,0
113.190.235.70,3
113.23.55.73,3
113.255.160.111,0
113.26.253.229,0
113.64.135.49,0
113.84.237.190,0
114.142.173.61,0
114.24.101.253,3
114.26.232.12,3
114.27.45.72,3
114.36.177.38,3
114.36.193.55,2
114.36.222.253,3
114.37.217.54,3
114.4.140.246,3
114.40.49.115,3
114.42.136.130,3
114.42.57.12,3
114.43.202.55,3
114.45.60.57,3
114.46.105.135,3
114.46.53.182,3
114.46.74.232,3
114.46.93.235,3
114.6.182.178,3
114.80.12.43,0
115.114.125.146,2
115.114.69.98,3
115.127.30.26,3
115.162.98.2,3
115.178.237.17,3
115.178.237.170,2
115.186.179.38,0
115.228.247.94,0
115.231.162.246,3
115.238.245.6,0
115.42.252.218,0
115.51.57.213,0
116.107.58.68,3
116.108.72.23,3
116.11.32.121,0
116.111.148.211,3
116.111.168.112,3
116.196.15.138,3
116.206.14.120,3
116.212.150.85,2
116.212.49.36,3
116.212.50.58,2
116.212.63.3,0
116.224.184.108,0
116.224.88.132,0
116.29.10.162,0
116.66.203.112,2
116.93.38.123,3
116.96.54.89,0
117.0.207.70,0
117.102.85.162,3
117.120.4.115,0
117.132.57.93,0
117.153.115.63,0
117.167.36.219,0
117.179.254.88,0
117.193.36.24,3
117.194.125.143,3
117.201.100.231,3
117.201.121.241,0
117.202.14.186,0
117.205.107.24,3
117.214.13.82,0
117.239.5.129,0
117.239.51.81,0
117.240.231.201,3
117.247.109.68,3
117.247.225.7,3
117.247.245.112,3
117.248.138.206,3
117.3.100.228,3
117.3.60.17,3
117.35.158.35,3
117.40.143.50,2
117.40.248.2,3
117.44.160.147,3
117.44.161.122,3
117.44.167.12,3
117.48.202.123,2
117.5.135.60,0
118.118.94.71,0
118.123.25.182,0
118.166.155.119,3
118.166.81.244,3
118.167.137.132,3
118.171.100.66,3
118.171.29.233,2
118.173.115.48,3
118.179.216.254,3
118.185.1.218,3
118.213.74.115,0
118.232.230.193,3
118.4.126.196,3
118.69.176.36,3
118.69.180.39,3
118.69.182.232,3
118.70.128.17,3
118.70.171.240,3
118.70.245.179,3
118.71.172.211,3
118.97.221.107,0
118.98.95.174,0
119.148.10.198,3
119.17.212.23,2
119.235.53.133,3
119.249.54.217,0
119.28.19.164,3
119.29.183.29,0
119.29.186.192,0
119.46.141.6,3
119.82.113.90,3
119.9.45.77,0
119.93.140.156,3
12.0.122.18,3
12.109.115.202,3
12.133.121.224,0
12.133.149.254,0
12.168.216.114,0
12.42.163.165,3
12.52.72.162,3
120.150.19.235,0
120.200.212.199,0
120.229.109.70,0
120.229.88.120,0
120.50.0.218,0
120.68.174.85,0
120.79.17.184,0
120.8.106.52,0
120.87.121.41,0
121.122.46.41,2
121.151.53.150,0
121.170.188.73,0
121.205.56.166,0
121.33.250.56,0
121.46.100.56,3
121.58.188.126,3
122.118.122.244,3
122.118.130.9,3
122.121.34.167,3
122.121.48.13,0
122.129.93.14,0
122.154.103.132,2
122.154.103.133,3
122.154.104.17,3
122.154.118.59,3
122.160.85.51,3
122.161.215.199,0
122.163.120.237,3
122.183.201.46,3
122.201.19.99,3
122.222.28.41,0
122.225.78.42,3
122.225.92.74,3
122.226.181.166,0
122.226.183.32,0
122.227.62.106,0
122.242.178.38,0
122.3.185.147,3
123.1.170.6,3
123.103.20.194,0
123.118.175.120,0
123.120.6.29,0
123.139.222.213,0
123.147.190.217,0
123.16.71.64,3
123.160.34.9,3
123.17.83.57,3
123.18.133.253,0
123.180.5.202,0
123.185.51.156,3
123.19.34.112,3
123.194.181.132,3
123.201.150.217,3
123.23.144.152,3
123.231.247.130,3
123.26.190.128,3
123.26.251.41,3
123.27.240.223,2
123.27.253.233,3
123.49.60.110,3
123.55.21.28,0
124.123.57.86,2
124.123.64.126,3
124.123.80.144,3
124.153.81.170,3
124.158.1.11,3
124.248.238.154,3
124.40.234.250,3
124.92.79.136,0
125.134.91.70,0
125.16.149.246,3
125.160.113.60,3
125.161.74.146,3
125.163.77.163,3
125.165.177.165,2
125.165.3.240,2
125.166.11.100,3
125.166.91.198,3
125.17.16.94,3
125.17.91.226,0
125.19.134.94,0
125.209.80.114,3
125.209.85.194,3
125.212.216.218,3
125.212.226.199,3
125.214.203.212,3
125.24.148.163,0
125.26.158.227,2
125.27.75.119,3
125.39.222.252,0
125.60.148.184,2
125.67.5.4,3
125.72.104.54,2
125.85.239.204,0
128.199.159.236,0
128.199.65.54,0
128.201.164.91,3
128.69.192.130,2
128.70.122.176,2
129.196.231.84,0
129.82.138.44,0
13.107.21.200,0
13.107.4.50,0
13.231.60.33,0
13.32.251.68,0
13.33.140.103,8
13.33.154.115,0
13.33.154.119,0
13.33.155.220,0
13.33.160.140,0
13.33.160.46,0
13.33.161.122,0
13.33.163.12,0
13.33.163.193,0
13.33.164.10,0
13.33.164.114,0
13.33.164.148,0
13.33.164.16,0
13.33.164.174,0
13.33.164.18,0
13.33.164.181,0
13.33.164.189,0
13.33.164.2,0
13.33.164.201,0
13.33.164.205,0
13.33.164.207,0
13.33.164.210,0
13.33.164.211,0
13.33.164.233,0
13.33.164.247,0
13.33.164.25,0
13.33.164.254,0
13.33.164.34,0
13.33.164.41,0
13.33.164.45,0
13.33.164.46,0
13.33.164.48,0
13.33.164.49,0
13.33.164.5,0
13.33.164.55,0
13.33.164.62,0
13.33.164.85,0
13.33.164.99,0
13.33.165.125,0
13.33.165.137,0
13.33.165.140,0
13.33.165.166,0
13.33.165.172,0
13.33.165.176,0
13.33.165.182,0
13.33.165.185,0
13.33.165.196,0
13.33.165.202,0
13.33.165.209,0
13.33.165.227,0
13.33.165.234,0
13.33.165.238,0
13.33.165.24,0
13.33.165.245,0
13.33.165.27,0
13.33.165.4,0
13.33.165.55,0
13.33.165.66,0
13.33.165.78,0
13.33.165.97,0
13.33.167.248,0
13.57.148.71,0
13.58.130.167,0
13.58.138.112,0
13.58.146.147,0
13.59.112.230,0
13.68.82.8,0
13.74.252.44,0
13.77.96.81,0
13.89.184.238,0
13.89.184.96,0
13.89.185.175,0
13.89.187.212,0
13.89.188.5,0
13.89.190.129,0
13.89.191.45,0
13.90.45.97,0
13.95.67.33,0
130.211.15.187,0
130.211.18.204,0
130.211.21.54,0
130.211.28.134,0
130.211.38.145,0
131.161.48.150,3
131.202.1.10,0
131.202.1.106,0
131.202.1.32,0
131.202.1.45,0
131.202.1.62,0
131.202.1.93,0
131.202.240.72,0
131.221.97.174,2
131.253.61.96,0
132.148.132.185,0
134.170.165.251,0
134.170.51.190,0
134.170.51.247,0
134.170.58.123,0
134.170.58.189,0
136.147.104.27,0
136.147.104.35,0
137.59.158.227,3
138.108.7.20,0
138.117.162.50,3
138.122.146.116,0
138.16.172.199,0
138.59.120.106,0
138.94.131.54,3
138.99.134.94,3
139.0.6.91,3
139.201.164.247,0
139.205.199.205,0
139.60.160.151,0
14.102.154.33,3
14.109.37.59,0
14.140.250.66,0
14.141.169.114,3
14.141.30.107,2
14.142.57.66,3
14.161.12.22,3
14.161.12.49,3
14.161.32.70,3
14.163.116.253,3
14.163.54.141,3
14.166.66.175,0
14.171.103.177,3
14.171.139.209,3
14.171.204.7,3
14.176.9.244,3
14.181.131.221,3
14.181.169.114,3
14.182.132.44,3
14.182.86.191,3
14.186.18.145,3
14.190.145.211,3
14.190.36.95,2
14.207.43.233,3
14.229.9.164,3
14.230.91.120,2
14.231.170.205,3
14.231.94.43,3
14.232.214.184,0
14.233.10.156,3
14.233.191.65,2
14.236.197.162,3
14.240.35.107,3
14.241.39.104,3
14.244.114.224,3
141.136.195.122,3
141.212.122.208,3
141.212.122.211,0
141.212.122.212,0
141.212.122.214,0
141.212.122.215,0
141.212.122.229,0
141.212.122.230,0
141.212.122.231,0
141.212.122.232,0
141.212.122.233,0
141.212.122.83,0
141.212.122.84,0
141.8.144.30,0
142.0.160.13,0
142.0.160.53,0
142.134.132.100,3
142.54.66.30,0
143.255.25.50,3
144.217.54.248,0
144.250.128.27,0
145.255.2.195,3
145.255.9.50,0
146.0.77.21,0
147.75.119.162,3
147.91.72.152,0
149.174.28.196,0
149.255.35.24,3
149.255.35.79,3
15.72.178.27,0
15.72.238.29,0
15.72.238.30,0
15.73.200.22,0
15.73.200.27,0
15.73.4.78,0
15.73.4.80,0
150.101.201.147,0
150.116.18.92,3
151.101.0.217,0
151.101.1.167,0
151.101.1.69,0
151.101.128.217,0
151.101.129.167,0
151.101.192.217,0
151.101.200.133,0
151.101.200.134,0
151.101.200.143,0
151.101.200.166,0
151.101.200.175,0
151.101.200.176,0
151.101.200.84,0
151.101.201.108,0
151.101.201.181,0
151.101.201.194,0
151.101.201.198,0
151.101.202.109,8
151.101.202.110,0
151.101.202.162,0
151.101.202.2,0
151.101.202.202,0
151.101.202.217,0
151.101.202.49,0
151.101.32.134,0
151.101.32.143,0
151.101.32.166,8
151.101.32.175,0
151.101.32.176,0
151.101.32.207,0
151.101.32.84,0
151.101.33.108,0
151.101.33.124,0
151.101.33.181,0
151.101.33.194,0
151.101.33.198,0
151.101.34.109,8
151.101.34.110,0
151.101.34.2,8
151.101.34.202,0
151.101.34.217,0
151.101.34.49,0
151.101.34.51,0
151.101.64.217,0
151.101.65.167,0
151.101.66.167,0
151.139.236.194,0
151.139.236.196,0
151.139.237.113,0
151.201.139.194,0
152.101.118.11,5
152.163.64.2,0
152.195.13.100,0
152.195.32.112,0
152.195.33.98,0
152.231.24.75,3
152.250.217.95,3
152.250.254.80,0
154.120.226.170,3
154.126.251.123,3
154.66.47.250,3
155.133.41.130,2
156.154.200.32,0
156.154.200.36,0
156.220.185.252,3
157.185.171.102,0
157.37.120.129,3
157.37.21.249,3
157.41.201.98,0
157.48.6.106,3
157.56.198.220,0
157.56.96.123,0
157.97.40.33,0
158.140.166.46,3
158.140.170.34,3
158.140.180.60,3
158.140.182.20,3
159.127.42.169,0
159.192.122.221,0
159.224.229.15,2
159.224.88.139,0
159.26.124.165,0
159.26.124.177,0
159.26.226.160,0
159.26.226.165,0
159.89.134.235,5
159.89.196.64,0
160.124.251.109,3
160.13.223.77,3
161.170.232.53,0
161.18.239.98,3
162.243.22.133,0
162.247.242.18,0
162.247.242.19,0
162.247.242.20,0
162.247.242.21,0
162.248.247.151,2
162.251.164.114,0
163.172.74.24,5
164.52.24.142,3
165.138.79.34,3
165.225.76.124,3
165.234.102.137,3
167.160.123.21,3
167.249.40.138,3
167.250.206.162,3
167.61.152.115,3
168.10.192.3,3
168.121.71.66,2
168.187.145.225,0
168.62.74.171,3
168.83.95.54,3
169.254.169.254,6
169.60.163.149,0
169.60.66.39,0
170.246.192.191,3
170.80.97.6,3
171.101.73.52,3
171.217.17.102,0
171.224.0.253,3
171.234.208.10,3
171.240.89.59,3
171.251.125.187,3
171.4.116.70,3
171.4.249.120,3
171.42.152.117,0
171.5.148.230,3
172.217.12.226,0
172.217.12.238,0
172.217.13.238,0
172.217.13.66,0
172.217.15.100,0
172.217.15.110,0
172.217.15.65,0
172.217.15.68,0
172.217.15.72,0
172.217.15.78,0
172.217.15.98,0
172.217.17.131,0
172.217.17.99,0
172.217.19.195,0
172.217.20.67,0
172.217.3.227,0
172.217.3.34,0
172.217.3.46,0
172.217.5.226,0
172.217.5.232,0
172.217.7.130,0
172.217.7.138,0
172.217.7.162,0
172.217.7.168,0
172.217.7.174,0
172.217.7.194,0
172.217.7.200,0
172.217.7.226,0
172.217.8.1,0
172.217.8.10,0
172.217.8.13,0
172.217.8.14,8
172.217.8.18,0
172.217.8.2,0
172.217.8.3,0
172.217.8.6,0
172.217.8.8,0
172.82.206.17,0
172.82.206.19,0
172.82.206.20,0
172.82.206.21,0
173.192.200.113,0
173.193.244.52,0
173.194.175.157,0
173.194.202.103,0
173.194.202.104,0
173.194.202.105,0
173.194.202.106,0
173.194.202.147,0
173.194.202.99,0
173.194.203.103,0
173.194.203.104,0
173.194.203.105,0
173.194.203.106,0
173.194.203.147,0
173.194.203.94,0
173.194.203.99,0
173.194.68.155,0
173.203.173.106,0
173.205.6.204,0
173.208.143.212,3
173.209.34.163,0
173.220.209.178,0
173.221.133.163,0
173.226.147.230,3
173.246.5.32,0
173.48.48.59,0
173.70.186.202,0
173.82.211.34,0
173.95.5.118,2
174.129.233.211,0
174.129.250.14,0
175.100.106.66,3
175.101.251.112,3
175.195.219.31,5
175.211.203.12,0
175.224.86.183,0
176.100.114.103,2
176.103.90.202,2
176.120.111.176,3
176.120.37.151,3
176.14.214.89,3
176.213.37.52,0
176.222.137.111,2
176.240.68.128,3
176.31.133.163,0
176.32.9.192,2
176.34.191.190,0
176.43.184.60,2
176.43.253.46,3
176.59.211.9,0
176.8.126.211,2
176.97.33.2,3
177.102.44.226,0
177.106.29.205,3
177.11.183.14,3
177.126.167.154,2
177.126.184.230,3
177.135.250.223,3
177.135.69.44,0
177.139.133.142,3
177.148.179.42,3
177.152.138.178,3
177.191.249.66,0
177.39.218.199,2
177.40.111.203,3
177.53.204.3,0
177.74.30.1,3
177.84.88.50,2
177.96.252.79,3
178.129.65.139,0
178.136.2.253,0
178.137.199.32,0
178.158.184.27,3
178.165.111.82,3
178.184.58.122,3
178.204.240.50,3
178.206.212.92,3
178.207.90.150,3
178.219.88.9,2
178.251.212.114,3
178.255.168.157,3
178.255.83.1,8
178.35.10.170,0
178.35.13.25,3
178.44.141.181,3
178.44.250.163,2
178.47.131.3,3
178.49.152.78,3
178.54.209.22,3
179.104.37.64,0
179.110.49.209,0
179.111.204.180,3
179.126.32.186,3
179.126.7.109,3
179.176.111.232,3
179.179.129.197,0
179.180.59.173,0
179.184.139.13,2
179.189.238.118,3
179.49.13.90,3
179.52.56.136,3
18.217.53.222,0
18.218.100.248,0
18.218.22.199,0
18.218.243.144,0
18.218.86.246,0
18.219.69.154,0
18.221.16.50,0
18.221.165.54,0
18.221.219.4,1
180.141.237.146,3
180.148.48.128,0
180.151.1.248,3
180.151.10.226,3
180.151.226.206,2
180.151.51.158,3
180.177.145.45,3
180.179.21.221,5
180.183.128.110,3
180.183.44.146,3
180.210.189.107,3
180.234.92.80,3
180.241.136.52,3
180.241.74.71,3
180.241.75.205,0
180.243.219.125,3
180.245.98.103,3
180.246.242.222,0
180.246.62.36,3
180.247.212.5,2
180.248.38.193,2
180.249.252.193,3
180.250.206.115,3
180.250.49.90,3
180.250.56.106,0
180.250.67.242,3
180.253.229.76,3
180.253.253.123,3
180.253.73.176,3
180.254.157.75,0
180.254.65.172,3
180.254.97.244,3
180.92.171.4,3
180.97.220.19,0
180.97.220.32,0
181.115.183.122,0
181.129.160.202,3
181.143.11.98,2
181.143.221.133,3
181.196.172.34,0
181.196.18.241,3
181.211.10.28,2
181.214.87.12,0
181.214.87.14,0
181.40.91.118,3
181.49.111.130,0
182.100.219.165,3
182.105.247.9,3
182.126.227.48,0
182.156.218.102,3
182.160.97.196,3
182.176.118.54,3
182.176.19.4,3
182.23.9.62,3
182.253.101.18,3
182.253.163.23,2
182.253.195.218,3
182.255.1.11,3
182.52.135.80,0
182.71.143.158,3
182.72.105.166,0
182.72.204.139,3
182.73.154.252,0
182.75.10.174,3
182.98.254.253,3
183.134.62.162,0
183.141.121.76,3
183.171.227.34,3
183.182.107.99,0
183.21.241.163,0
183.215.48.136,0
183.220.102.254,0
183.3.219.170,3
183.48.20.86,0
183.63.156.170,0
183.82.101.20,2
183.82.123.104,2
183.82.165.148,3
183.82.191.9,3
183.82.231.146,3
183.82.35.54,3
183.83.219.40,3
183.83.224.201,2
183.83.225.95,3
183.83.226.30,3
183.83.247.195,0
183.83.248.123,0
183.83.64.252,2
183.83.70.181,2
183.83.86.69,3
183.83.88.85,3
183.88.158.125,3
183.88.191.173,3
183.88.22.137,3
183.88.244.101,0
183.89.187.248,3
183.91.7.199,3
184.106.10.72,0
184.169.141.35,0
184.169.170.204,0
184.22.108.157,2
184.22.177.114,3
184.22.230.116,3
184.24.98.150,0
184.68.209.242,0
184.72.236.39,0
184.72.249.148,0
184.72.95.242,0
184.73.160.100,0
184.73.160.250,0
184.73.178.52,0
184.73.187.63,0
184.73.239.236,0
184.73.247.90,0
185.107.83.53,0
185.115.192.41,0
185.117.149.48,0
185.120.190.39,0
185.143.223.176,3
185.143.223.183,0
185.167.164.37,0
185.167.164.39,0
185.167.164.42,0
185.167.164.43,0
185.17.127.131,3
185.19.101.244,3
185.195.27.242,3
185.214.254.198,2
185.222.210.30,0
185.222.211.14,0
185.222.211.42,0
185.222.56.11,0
185.222.56.82,0
185.222.56.84,0
185.224.249.111,3
185.234.216.123,0
185.234.216.124,0
185.235.85.141,0
185.235.85.55,0
185.41.21.214,3
185.56.81.51,3
185.59.58.78,3
185.63.216.127,0
185.64.47.110,3
185.65.134.175,0
185.77.41.153,3
185.81.157.119,0
185.92.72.12,0
185.93.245.131,3
185.94.111.1,0
186.1.162.202,3
186.116.178.202,3
186.117.159.18,3
186.121.250.43,3
186.16.29.164,3
186.185.218.101,3
186.202.182.160,3
186.208.76.139,3
186.225.117.236,3
186.26.113.200,0
186.6.105.224,0
186.88.126.170,3
186.88.162.147,3
186.88.88.194,3
186.89.69.5,3
186.90.107.155,0
186.90.107.62,3
186.90.185.214,0
186.90.52.111,3
186.91.159.28,3
186.91.218.50,3
186.92.111.24,3
186.92.154.135,0
186.92.44.90,3
186.92.54.77,3
186.93.140.48,3
186.93.237.3,0
186.93.54.23,2
186.94.131.95,2
186.94.179.45,3
186.95.180.1,3
186.95.180.191,2
186.95.204.241,2
187.114.175.61,3
187.137.122.152,0
187.155.178.109,3
187.155.210.145,3
187.157.157.210,3
187.167.76.46,0
187.174.118.2,0
187.188.115.61,2
187.189.233.83,3
187.190.38.141,3
187.195.51.207,3
187.205.151.82,3
187.205.233.149,3
187.207.117.233,3
187.253.200.5,3
187.33.237.86,2
187.35.188.79,0
187.46.86.52,0
187.52.54.43,3
187.63.11.144,3
187.72.92.81,3
187.75.200.145,3
187.75.232.112,3
187.95.99.203,2
188.118.96.248,3
188.129.152.171,3
188.162.39.90,0
188.163.105.29,3
188.163.110.50,3
188.163.26.61,0
188.166.143.210,0
188.166.251.49,3
188.168.8.238,0
188.169.69.250,3
188.18.235.83,3
188.19.116.218,3
188.19.55.245,0
188.19.60.161,0
188.191.236.206,0
188.213.169.112,0
188.213.19.36,3
188.213.238.139,3
188.53.14.241,3
188.94.32.19,0
189.135.162.119,3
189.150.199.62,3
189.157.21.143,3
189.17.33.195,3
189.175.28.160,3
189.20.97.114,3
189.202.245.146,3
189.206.101.130,3
189.206.53.98,3
189.207.48.253,0
189.211.53.244,3
189.240.35.35,3
189.240.38.36,3
189.25.4.49,0
189.42.6.166,3
189.44.59.242,3
189.79.43.116,3
190.1.201.230,3
190.102.192.4,2
190.102.193.4,3
190.102.60.114,0
190.103.29.34,2
190.111.255.176,3
190.113.89.30,3
190.120.68.130,3
190.121.132.154,0
190.121.159.154,3
190.141.241.146,3
190.143.140.148,0
190.144.130.2,3
190.144.14.30,3
190.145.110.36,3
190.145.33.87,2
190.151.27.99,3
190.180.32.2,3
190.186.113.32,0
190.196.59.35,2
190.198.158.179,3
190.198.188.50,3
190.198.25.157,3
190.198.68.66,3
190.198.84.121,0
190.199.211.142,3
190.200.135.58,0
190.200.149.208,3
190.200.153.178,3
190.200.169.90,3
190.200.176.79,0
190.201.102.223,3
190.201.104.211,3
190.201.112.107,3
190.201.17.9,3
190.201.170.19,3
190.201.31.70,3
190.202.173.193,3
190.202.18.190,3
190.202.250.19,3
190.202.251.226,3
190.202.61.130,3
190.202.93.234,3
190.203.33.143,0
190.203.38.11,3
190.203.42.43,3
190.204.157.220,3
190.204.159.28,3
190.204.234.196,3
190.205.179.30,3
190.205.187.26,3
190.206.118.36,3
190.207.164.207,3
190.207.199.28,2
190.207.252.93,3
190.207.34.105,0
190.210.221.169,0
190.210.236.69,3
190.211.14.219,3
190.215.48.154,3
190.216.204.14,2
190.217.98.179,0
190.220.7.78,3
190.24.156.68,3
190.242.38.11,0
190.248.156.82,3
190.248.86.234,2
190.3.118.166,3
190.3.71.234,3
190.32.39.226,2
190.36.82.212,3
190.37.124.254,0
190.37.147.228,3
190.37.90.103,3
190.38.37.119,3
190.39.124.178,3
190.39.124.74,3
190.39.132.115,3
190.39.146.166,3
190.39.26.187,3
190.39.67.29,2
190.39.85.175,3
190.58.151.144,3
190.60.247.18,3
190.72.10.220,3
190.72.104.204,2
190.72.160.237,3
190.72.242.246,3
190.72.59.22,3
190.72.63.178,0
190.72.63.209,3
190.72.91.235,2
190.73.150.235,3
190.74.188.150,2
190.74.254.179,2
190.75.194.131,3
190.75.99.158,0
190.77.227.73,0
190.77.40.8,3
190.77.42.90,3
190.77.61.132,3
190.78.116.185,3
190.78.14.90,3
190.78.149.18,3
190.78.179.1,3
190.78.197.4,3
190.78.3.90,2
190.79.136.154,3
190.79.137.33,3
190.79.24.50,3
190.79.248.187,3
190.79.72.112,3
190.79.97.238,3
190.80.80.47,0
190.85.135.219,3
190.94.148.46,0
190.97.255.194,3
191.101.167.235,0
191.205.240.152,3
191.232.80.58,0
191.234.72.183,0
191.234.72.186,0
191.234.72.188,0
191.234.72.190,0
191.236.16.12,0
191.35.218.102,3
191.8.189.83,0
192.0.73.2,0
192.0.76.3,0
192.0.77.2,0
192.0.77.32,0
192.110.165.94,0
192.111.154.38,3
192.132.33.27,0
192.155.215.182,0
192.161.156.1,0
192.185.225.1,0
192.186.93.74,0
192.198.207.178,0
192.200.184.173,0
192.229.163.180,0
192.229.163.25,0
192.229.173.136,0
192.230.185.126,0
192.237.193.133,0
192.243.250.36,0
192.243.250.58,0
192.252.144.35,0
192.28.144.124,0
192.35.249.127,0
192.82.242.21,0
192.82.242.50,0
192.99.132.66,0
193.150.101.6,3
193.169.4.21,3
193.19.118.97,5
193.19.3.184,0
193.194.69.157,0
193.200.32.114,2
194.153.191.21,3
194.228.221.66,3
194.28.112.179,4
194.44.62.242,3
194.44.93.225,0
194.71.85.66,3
194.75.186.188,0
194.8.147.186,0
195.149.85.252,3
195.154.207.131,0
195.16.103.67,0
195.161.162.254,3
195.169.125.251,0
195.175.58.170,3
195.189.196.58,3
195.194.75.70,3
195.208.179.24,3
195.208.51.104,0
195.22.126.136,0
195.22.126.209,0
195.22.127.226,0
195.228.47.11,2
195.230.158.5,3
195.3.146.96,0
195.34.233.138,0
195.39.160.69,2
195.62.92.238,3
195.69.197.154,1
195.9.54.102,2
196.144.185.207,3
196.200.146.10,3
196.201.40.109,3
196.218.133.171,3
196.218.141.114,0
196.218.42.237,0
196.25.125.65,0
197.128.1.20,0
197.149.67.194,3
197.210.153.46,3
197.210.154.142,3
197.211.44.106,0
197.219.111.100,0
197.230.8.215,3
197.253.58.43,3
197.255.188.53,3
197.44.136.40,3
197.44.200.172,3
197.45.181.191,3
197.50.184.34,3
197.50.199.81,3
197.50.240.149,3
197.51.127.188,2
197.51.172.36,3
198.2.55.250,0
198.23.145.251,2
198.41.30.253,0
198.44.226.11,3
198.51.152.184,0
198.55.245.88,0
198.8.70.129,0
199.16.156.105,0
199.16.156.11,0
199.16.156.120,0
199.16.156.200,0
199.16.156.201,0
199.16.156.21,0
199.16.156.232,0
199.16.156.241,0
199.16.156.41,0
199.16.156.52,0
199.16.156.73,0
199.16.156.75,0
199.16.156.9,0
199.16.157.105,0
199.182.216.166,0
199.187.193.130,0
199.187.193.140,0
199.187.193.19,0
199.19.224.253,0
199.247.8.195,0
199.27.170.188,0
199.30.181.84,0
199.38.165.156,0
199.59.148.12,0
199.59.148.84,0
199.59.150.10,0
199.59.150.42,0
199.59.150.44,0
199.83.134.9,0
199.96.57.6,0
2.179.166.78,0
2.180.165.168,0
2.180.3.34,3
2.190.137.175,3
2.22.23.175,0
2.228.39.100,3
2.32.73.126,0
2.61.63.47,2
2.61.99.172,3
2.89.246.82,0
2.92.200.247,3
200.107.241.50,3
200.109.46.93,3
200.124.26.22,0
200.127.149.98,3
200.14.248.140,3
200.14.248.148,3
200.199.142.162,3
200.2.160.62,3
200.216.8.84,0
200.31.114.150,0
200.32.70.218,3
200.40.199.227,3
200.42.173.147,3
200.46.26.134,3
200.48.137.122,3
200.57.131.236,0
200.66.77.66,3
200.69.253.205,0
200.76.121.115,0
200.84.143.38,3
200.84.146.218,0
200.84.165.143,0
200.84.76.29,2
200.84.81.220,2
200.87.134.13,3
201.139.92.60,3
201.143.86.77,2
201.148.125.6,3
201.148.56.221,3
201.151.93.165,3
201.163.122.6,3
201.166.130.118,3
201.167.5.38,3
201.168.191.14,0
201.174.154.14,5
201.208.0.162,3
201.208.113.76,3
201.208.135.146,0
201.208.220.49,3
201.208.5.163,3
201.209.134.142,0
201.209.36.44,3
201.209.43.221,3
201.210.222.23,0
201.211.126.225,2
201.211.126.4,3
201.211.35.130,3
201.211.44.117,3
201.221.153.74,3
201.242.170.78,3
201.242.35.164,3
201.242.47.175,3
201.242.56.143,3
201.243.162.33,3
201.243.166.149,3
201.248.200.70,3
201.248.66.222,3
201.249.182.130,3
201.48.72.83,3
201.55.199.143,2
201.86.212.74,3
202.107.160.251,0
202.123.70.6,3
202.131.229.114,0
202.134.2.13,3
202.142.110.155,3
202.142.148.197,3
202.142.154.106,0
202.142.96.19,3
202.147.199.10,3
202.162.111.152,0
202.162.210.97,0
202.169.33.251,3
202.169.40.70,3
202.176.119.228,3
202.181.206.254,0
202.28.35.153,3
202.28.35.187,3
202.28.63.66,3
202.29.14.121,3
202.29.14.122,3
202.29.239.97,2
202.39.55.24,3
202.4.170.4,3
202.53.12.82,3
202.58.85.21,0
202.61.45.3,3
202.62.17.149,3
202.62.17.151,3
202.72.213.244,3
202.82.150.103,3
202.83.28.134,3
203.122.33.82,3
203.130.231.84,0
203.130.240.98,3
203.146.142.62,0
203.146.189.95,2
203.146.192.61,3
203.150.68.3,0
203.153.234.162,0
203.159.138.64,3
203.162.175.198,3
203.202.240.131,3
203.202.245.194,3
203.205.28.218,3
203.24.50.231,0
203.69.224.157,0
204.11.168.212,0
204.11.168.6,0
204.118.31.2,3
204.12.68.88,0
204.186.252.3,3
204.2.179.163,0
204.2.179.228,0
204.2.179.39,0
204.2.179.89,0
204.2.197.202,0
204.236.219.209,0
204.236.235.210,0
204.79.197.200,0
206.117.25.89,0
206.117.25.90,0
206.132.109.43,0
206.152.33.71,0
206.188.192.136,0
206.188.193.253,0
207.148.5.230,0
207.148.71.76,0
207.164.132.18,0
207.164.66.210,2
207.20.38.208,0
207.204.159.106,0
207.244.80.166,0
207.244.86.222,0
207.34.231.254,3
207.98.136.114,0
208.101.25.60,0
208.108.184.254,3
208.118.189.2,0
208.51.63.57,0
208.80.154.224,0
208.80.154.240,0
208.88.199.146,0
208.91.60.45,0
209.125.197.254,3
209.126.136.5,0
209.126.136.6,0
209.141.55.136,3
209.167.231.15,0
209.167.231.17,0
209.197.3.19,0
209.204.229.130,0
209.222.0.43,0
209.232.183.2,0
209.45.45.102,3
209.45.52.42,2
209.53.213.34,3
209.85.201.138,0
209.85.201.155,0
209.85.201.156,0
209.85.201.157,0
209.85.202.100,8
209.85.202.101,8
209.85.202.102,8
209.85.202.113,8
209.85.202.132,0
209.85.202.136,0
209.85.202.138,8
209.85.202.139,8
209.85.202.148,0
209.85.202.149,0
209.85.202.153,0
209.85.202.154,8
209.85.202.155,0
209.85.202.156,0
209.85.202.157,8
209.85.202.190,0
209.85.202.91,0
209.85.202.93,0
209.85.202.94,8
209.85.202.95,8
209.85.202.97,0
209.85.203.100,8
209.85.203.101,8
209.85.203.102,0
209.85.203.113,8
209.85.203.132,0
209.85.203.136,0
209.85.203.138,8
209.85.203.139,8
209.85.203.148,0
209.85.203.149,0
209.85.203.153,0
209.85.203.154,8
209.85.203.155,8
209.85.203.156,8
209.85.203.157,8
209.85.203.181,0
209.85.203.190,0
209.85.203.91,0
209.85.203.93,0
209.85.203.94,8
209.85.203.95,8
209.85.203.97,8
210.113.78.106,0
210.129.120.41,0
210.129.184.28,0
210.191.104.111,0
210.245.32.101,0
210.48.222.9,3
210.86.226.179,3
211.181.237.106,2
211.22.167.12,3
211.22.64.88,3
211.234.94.205,5
211.25.98.34,0
211.5.236.197,3
212.0.149.88,2
212.100.143.19,3
212.115.235.172,2
212.12.232.42,3
212.122.72.71,3
212.124.12.150,3
212.156.78.62,2
212.156.92.194,0
212.156.99.134,2
212.164.254.171,0
212.174.232.94,3
212.174.99.3,3
212.179.111.205,0
212.20.43.2,3
212.220.1.140,3
212.237.4.117,0
212.237.56.188,0
212.3.106.198,0
212.3.193.175,3
212.34.233.6,0
212.35.180.156,3
212.47.234.165,0
212.58.121.82,2
212.66.51.144,3
212.73.95.138,3
212.83.191.80,3
212.92.104.143,0
212.92.104.175,0
212.92.105.107,0
212.92.106.106,0
212.92.108.184,0
212.92.108.84,0
212.92.112.111,0
212.92.113.110,0
212.92.113.120,0
212.92.114.128,0
212.92.114.168,0
212.92.114.178,0
212.92.114.198,0
212.92.115.207,0
212.92.115.77,0
212.92.116.246,0
212.92.117.185,0
212.92.117.45,0
212.92.119.1,1
212.92.121.147,0
212.92.124.31,0
212.92.196.162,3
212.94.16.2,0
213.14.91.130,3
213.144.36.14,3
213.144.36.15,3
213.157.51.130,3
213.159.254.147,0
213.212.94.189,0
213.230.101.94,3
213.230.68.45,3
213.251.226.208,3
213.32.48.47,0
213.48.54.43,0
213.59.130.160,3
213.74.206.122,2
213.78.119.18,0
213.79.69.194,3
213.79.91.92,2
216.123.7.58,0
216.14.48.162,3
216.146.46.10,0
216.170.126.116,0
216.200.232.221,0
216.200.232.235,0
216.200.233.94,0
216.218.206.110,0
216.24.224.136,0
216.243.229.161,0
216.248.72.115,0
216.34.181.25,0
216.34.181.45,0
216.34.181.48,0
216.34.250.230,3
216.54.159.114,3
216.58.198.65,0
216.58.198.66,8
216.58.198.67,0
216.58.198.70,0
216.58.198.72,0
216.58.198.74,0
216.58.198.77,0
216.58.198.78,8
216.58.198.83,0
216.58.211.161,0
216.58.211.162,8
216.58.211.163,8
216.58.211.165,0
216.58.211.166,8
216.58.211.168,8
216.58.211.170,8
216.58.211.174,6
216.58.211.178,0
216.58.211.179,0
216.58.211.99,0
216.58.212.163,0
216.58.217.130,0
216.58.217.136,0
216.58.218.226,0
216.70.52.33,3
217.107.125.191,2
217.110.126.20,3
217.112.218.58,3
217.118.93.158,0
217.118.95.84,3
217.13.150.43,0
217.20.71.10,3
217.218.241.69,2
217.52.63.146,2
217.61.104.211,0
217.67.189.210,3
217.91.231.165,0
218.164.203.159,3
218.164.31.209,3
218.255.233.114,3
218.64.255.29,3
218.77.59.81,0
218.78.186.242,0
218.87.194.83,3
219.147.132.167,3
219.160.112.13,3
219.91.207.210,0
220.132.236.194,2
220.133.156.143,3
220.134.197.253,0
220.137.5.221,2
220.143.108.105,3
220.143.186.221,3
220.231.90.220,0
220.247.172.138,3
221.120.210.138,3
221.194.44.211,0
221.229.166.121,7
222.110.165.199,0
222.114.6.130,0
222.124.114.132,3
222.124.144.189,3
222.124.199.34,3
222.124.58.121,3
222.127.104.26,3
222.127.147.201,0
222.132.136.17,0
222.146.193.211,0
222.174.177.178,0
222.220.39.181,0
222.252.156.11,0
222.81.226.22,0
222.88.190.199,3
222.89.128.198,0
223.101.178.208,0
223.102.246.250,0
223.107.63.50,0
223.16.121.27,3
223.18.105.121,3
223.205.12.45,3
223.207.249.3,3
223.221.240.54,2
223.245.161.24,3
223.27.151.109,3
223.27.251.223,3
223.30.192.54,3
223.74.12.89,0
223.74.58.77,0
223.89.184.98,0
223.90.77.145,0
223.96.219.56,0
223.96.53.202,0
223.96.61.111,0
223.98.179.69,0
23.103.189.158,0
23.111.9.14,0
23.111.9.32,0
23.111.9.64,0
23.13.146.140,0
23.13.154.167,8
23.13.157.189,0
23.13.158.247,0
23.13.159.76,0
23.13.160.205,0
23.13.162.20,0
23.13.165.231,0
23.13.176.79,0
23.13.178.232,0
23.13.180.170,0
23.14.151.160,0
23.14.186.68,0
23.15.7.107,0
23.15.7.112,0
23.15.7.113,0
23.15.7.140,0
23.15.7.166,0
23.15.8.107,0
23.15.8.113,0
23.15.8.121,8
23.15.8.129,0
23.15.8.131,8
23.15.8.137,0
23.15.8.139,0
23.15.8.146,0
23.15.8.160,0
23.196.100.70,0
23.196.102.76,0
23.196.104.14,0
23.196.104.19,0
23.196.107.189,0
23.196.107.60,0
23.196.108.64,0
23.196.109.221,0
23.196.113.171,8
23.196.113.50,0
23.196.115.14,0
23.196.116.215,0
23.196.119.142,0
23.196.127.55,0
23.196.127.56,0
23.196.127.61,8
23.196.141.83,0
23.196.57.205,0
23.196.57.82,0
23.196.58.54,0
23.196.6.166,0
23.196.6.17,0
23.196.6.178,0
23.196.6.68,0
23.196.6.79,0
23.196.97.191,0
23.196.98.102,0
23.196.98.229,0
23.198.10.54,0
23.21.113.119,0
23.21.126.194,0
23.21.132.210,0
23.21.175.31,0
23.21.226.158,0
23.21.233.59,0
23.21.41.167,0
23.21.46.143,0
23.21.49.226,0
23.21.61.2,0
23.21.63.252,0
23.21.76.16,0
23.21.89.168,0
23.21.94.151,0
23.211.131.150,0
23.215.98.15,0
23.217.147.204,0
23.217.19.241,8
23.217.25.46,0
23.217.26.156,0
23.217.28.150,0
23.217.32.120,0
23.217.33.186,0
23.217.36.24,0
23.217.38.65,0
23.218.38.23,8
23.218.48.119,0
23.218.50.120,0
23.218.53.197,8
23.218.62.30,8
23.218.74.81,0
23.218.75.124,0
23.218.76.161,0
23.219.88.11,0
23.219.88.151,0
23.219.88.158,0
23.219.88.160,0
23.219.88.161,0
23.219.88.166,0
23.219.88.168,0
23.219.88.169,0
23.219.88.176,0
23.219.88.210,0
23.219.88.217,0
23.219.88.24,0
23.219.88.35,0
23.219.88.56,0
23.219.88.57,0
23.219.88.64,0
23.219.88.66,0
23.219.88.73,8
23.219.88.74,8
23.219.94.16,0
23.226.130.198,3
23.227.38.64,0
23.23.103.255,0
23.23.107.13,0
23.23.129.166,0
23.23.140.218,0
23.23.144.24,0
23.23.150.198,0
23.23.152.86,0
23.23.156.255,0
23.23.156.71,0
23.23.158.36,0
23.23.207.207,0
23.23.222.212,0
23.23.224.125,0
23.23.227.6,0
23.23.58.224,0
23.23.73.242,0
23.23.87.187,0
23.23.99.70,0
23.25.77.45,0
23.31.206.38,0
23.32.172.123,0
23.36.32.102,0
23.36.32.126,0
23.36.32.16,0
23.36.32.162,8
23.36.32.229,0
23.36.32.235,0
23.36.32.44,0
23.36.32.85,0
23.36.32.88,0
23.36.33.118,0
23.36.33.160,0
23.36.33.163,0
23.36.33.17,0
23.36.33.173,0
23.36.33.207,0
23.36.33.218,0
23.36.33.227,0
23.36.33.229,0
23.36.33.230,0
23.36.33.237,0
23.36.33.24,0
23.36.33.240,0
23.36.33.39,0
23.36.33.52,8
23.36.33.56,0
23.36.33.59,0
23.36.33.73,0
23.36.33.86,0
23.36.34.11,0
23.36.34.146,0
23.36.34.213,8
23.36.34.216,0
23.36.34.36,0
23.36.80.82,0
23.36.81.84,0
23.42.156.231,0
23.46.60.109,0
23.46.60.128,0
23.46.60.192,0
23.46.60.234,0
23.46.61.109,0
23.46.61.25,0
23.46.61.37,0
23.46.61.41,0
23.46.61.91,0
23.46.62.134,0
23.46.62.146,0
23.46.62.157,0
23.46.62.184,0
23.46.62.37,0
23.46.63.181,0
23.49.176.40,0
23.49.177.88,0
23.49.181.132,0
23.49.188.59,0
23.49.189.7,0
23.50.225.11,0
23.50.225.124,0
23.50.225.25,0
23.50.225.28,0
23.50.57.12,0
23.52.86.153,0
23.52.91.27,8
23.56.201.119,0
23.61.198.145,0
23.62.6.23,0
23.62.7.173,0
23.63.101.174,0
23.73.153.142,0
23.73.154.176,0
23.73.155.109,0
23.89.144.227,0
23.96.219.104,0
23.99.24.158,0
24.106.18.90,3
24.123.231.237,0
24.178.196.118,0
24.197.77.189,0
24.39.199.220,3
24.43.93.126,2
24.57.227.129,0
27.199.109.53,0
27.219.147.154,0
27.237.184.132,0
27.254.53.179,2
27.254.59.9,2
27.48.94.254,3
27.50.24.76,2
27.50.31.76,3
27.68.125.220,3
27.71.158.131,3
27.72.113.22,3
27.72.87.99,3
27.74.248.244,3
31.129.184.14,3
31.13.65.2,0
31.13.65.36,8
31.13.65.52,0
31.13.65.7,8
31.13.71.36,0
31.13.71.7,0
31.13.72.17,0
31.135.195.178,0
31.148.127.227,3
31.168.52.214,3
31.170.236.103,3
31.173.101.224,0
31.173.182.162,3
31.173.183.254,3
31.180.123.109,0
31.181.87.229,0
31.186.68.101,3
31.214.129.80,3
31.223.130.192,3
31.47.194.150,3
31.47.61.146,0
31.51.235.126,0
31.6.121.159,3
31.8.246.127,3
34.192.240.114,0
34.192.36.179,0
34.192.94.202,0
34.193.177.34,0
34.193.197.225,0
34.193.208.139,0
34.193.96.33,0
34.194.109.176,0
34.194.12.155,0
34.194.124.14,0
34.194.125.5,0
34.194.219.50,0
34.194.73.77,0
34.194.82.212,0
34.194.84.90,0
34.195.114.203,0
34.195.128.175,0
34.195.148.37,0
34.196.128.45,0
34.196.134.167,0
34.196.141.22,0
34.196.173.185,0
34.196.187.214,0
34.196.189.5,0
34.196.190.106,0
34.196.59.245,0
34.197.149.178,0
34.197.155.16,0
34.198.172.204,0
34.198.71.9,0
34.198.80.176,0
34.199.116.246,0
34.199.178.106,0
34.199.50.207,0
34.199.96.168,0
34.200.124.51,0
34.200.190.135,0
34.202.122.199,0
34.202.180.186,0
34.203.185.26,0
34.203.58.14,0
34.203.68.62,0
34.204.154.146,0
34.204.214.191,0
34.204.246.70,0
34.205.192.52,0
34.205.202.95,0
34.205.226.238,0
34.205.97.45,0
34.206.166.138,0
34.206.169.32,0
34.206.189.138,0
34.206.253.114,0
34.206.37.214,0
34.206.4.224,0
34.206.65.78,0
34.207.47.54,0
34.209.248.26,0
34.210.37.21,0
34.211.140.227,0
34.211.98.116,0
34.211.99.53,0
34.213.37.245,0
34.214.15.91,0
34.216.156.21,0
34.216.250.207,0
34.224.124.173,0
34.224.182.124,0
34.224.188.112,0
34.225.10.165,0
34.225.101.36,0
34.225.149.64,0
34.225.200.43,0
34.225.202.230,0
34.225.31.76,0
34.226.0.93,0
34.226.159.171,0
34.226.38.103,0
34.226.38.126,0
34.226.55.45,0
34.226.78.29,0
34.227.130.226,0
34.227.140.158,0
34.227.166.18,0
34.228.174.218,0
34.228.250.248,0
34.228.34.48,0
34.228.46.114,0
34.230.158.227,0
34.230.165.183,0
34.230.170.212,0
34.230.207.83,0
34.230.223.214,0
34.231.175.247,0
34.231.239.32,0
34.231.85.1,0
34.231.85.132,0
34.232.225.208,0
34.232.251.80,0
34.232.39.219,0
34.234.56.208,0
34.234.98.90,0
34.235.78.222,0
34.235.79.173,0
34.236.120.1,0
34.236.182.238,0
34.236.215.177,0
34.236.215.2,0
34.237.170.104,0
34.238.59.205,0
34.238.62.49,0
34.238.64.228,0
34.239.8.222,0
34.239.99.85,0
34.242.50.52,0
34.249.232.228,0
34.250.172.204,0
34.251.193.116,0
34.251.57.109,0
34.252.72.54,0
35.153.117.62,0
35.157.238.224,0
35.160.52.148,0
35.160.58.123,0
35.161.221.102,0
35.161.241.69,0
35.162.179.12,0
35.162.60.68,0
35.163.143.41,0
35.164.155.187,0
35.164.80.164,0
35.165.158.113,0
35.167.141.246,0
35.167.158.210,0
35.170.0.108,0
35.170.33.157,0
35.171.33.106,0
35.185.16.249,0
35.185.32.61,0
35.186.249.84,0
35.190.162.35,0
35.190.175.111,0
35.190.62.199,0
35.190.62.200,0
35.190.74.53,0
35.195.219.228,0
35.197.239.16,0
35.200.236.242,0
36.101.198.77,0
36.111.194.157,3
36.185.43.224,0
36.2.132.170,0
36.224.47.111,3
36.226.112.123,2
36.226.98.53,3
36.227.5.25,3
36.227.63.16,3
36.229.160.21,3
36.234.118.79,3
36.234.209.192,0
36.235.67.115,3
36.236.147.96,0
36.236.40.50,3
36.236.82.114,3
36.237.138.64,2
36.62.159.105,0
36.66.102.226,3
36.66.118.172,3
36.66.42.3,3
36.66.94.49,3
36.67.108.63,3
36.67.122.226,0
36.67.70.234,3
36.68.128.6,3
36.68.18.232,3
36.68.239.39,3
36.69.224.134,3
36.72.178.231,3
36.72.207.166,3
36.72.64.124,3
36.72.84.3,3
36.73.137.198,3
36.73.15.83,0
36.73.58.239,3
36.73.59.143,3
36.74.50.206,3
36.74.96.211,0
36.75.146.159,0
36.75.151.187,3
36.75.252.201,3
36.76.219.127,3
36.77.128.12,0
36.77.171.157,3
36.77.93.101,3
36.79.40.55,0
36.79.45.48,3
36.80.56.150,2
36.80.92.176,3
36.81.120.134,3
36.81.209.25,0
36.82.103.115,3
36.82.103.210,0
36.82.103.45,3
36.82.105.85,3
36.82.128.110,3
36.82.194.228,3
36.83.31.232,3
36.84.130.37,3
36.84.224.170,3
36.84.224.71,3
36.84.224.95,3
36.84.63.72,3
36.84.64.181,3
36.84.64.76,3
36.84.69.71,3
36.84.70.160,3
36.84.73.93,2
36.85.55.50,0
36.85.78.147,3
36.88.152.0,3
36.89.25.170,3
37.115.136.54,0
37.131.224.158,3
37.139.119.80,0
37.15.191.145,0
37.190.61.130,3
37.193.194.3,3
37.208.98.187,3
37.220.194.86,3
37.229.130.119,3
37.232.129.58,3
37.252.66.89,3
37.27.109.83,2
37.29.118.68,3
37.29.19.117,0
37.29.79.180,0
37.57.47.187,3
37.76.249.66,3
37.79.77.153,3
38.126.130.202,0
38.130.113.160,3
38.142.192.18,0
38.142.99.34,0
38.71.2.160,0
39.10.198.146,2
39.115.145.34,3
39.158.202.41,0
39.167.247.163,0
39.168.129.91,0
39.37.22.248,0
39.53.147.144,3
39.57.45.108,3
40.113.90.255,0
40.118.170.31,0
40.121.144.177,0
40.69.216.251,0
40.69.216.73,0
40.69.220.46,0
40.77.228.69,0
40.77.232.95,0
40.79.34.21,0
40.86.188.235,0
40.97.140.18,0
41.155.253.140,3
41.200.249.154,3
41.200.251.102,3
41.203.16.49,0
41.220.17.138,3
41.226.243.3,0
41.244.232.114,3
41.33.113.67,3
41.33.48.90,3
41.38.119.196,3
41.39.134.47,3
41.39.42.210,3
41.39.53.26,3
41.39.99.102,2
41.39.99.132,0
41.41.97.70,3
41.47.101.199,3
41.66.244.174,3
41.68.216.211,2
41.79.190.79,3
41.95.246.13,3
42.112.71.96,3
42.114.21.113,3
42.202.149.245,0
43.225.67.140,3
43.239.73.218,3
43.240.103.145,2
43.247.68.80,0
43.249.62.210,3
43.251.169.154,3
43.251.75.39,3
45.117.212.209,0
45.119.237.10,0
45.119.82.234,3
45.126.215.18,3
45.222.101.167,3
45.248.56.249,3
45.249.94.53,0
45.60.121.36,0
45.63.30.5,0
45.77.215.253,0
46.101.240.54,0
46.105.160.56,0
46.107.238.52,3
46.109.231.193,3
46.118.254.74,3
46.119.238.183,3
46.130.61.241,3
46.152.35.158,0
46.164.141.5,2
46.165.244.215,8
46.167.86.200,3
46.17.97.4,4
46.172.121.96,0
46.172.199.77,3
46.188.121.110,3
46.196.76.131,3
46.209.141.73,0
46.209.15.14,3
46.234.125.89,0
46.32.16.170,3
46.48.201.229,3
46.55.254.14,3
46.72.101.119,3
46.72.105.36,3
46.72.130.234,3
46.72.47.46,3
46.8.147.112,3
46.91.201.113,3
46.98.173.236,3
46.98.244.67,3
46.98.62.154,3
46.99.130.132,0
47.183.196.97,0
47.206.80.165,3
47.247.227.98,0
47.52.33.110,3
47.74.144.60,3
47.91.158.245,3
49.145.249.136,3
49.148.140.165,3
49.203.13.40,0
49.206.123.156,3
49.206.123.60,3
49.206.208.105,3
49.206.219.215,3
49.206.219.84,3
49.207.188.29,3
49.229.242.61,3
49.229.66.192,3
49.231.146.205,0
49.231.251.172,3
49.248.122.140,3
5.101.6.170,0
5.120.95.10,3
5.125.201.39,2
5.126.223.252,3
5.141.224.181,0
5.145.235.114,0
5.149.205.180,3
5.188.10.144,0
5.188.11.111,0
5.188.11.25,0
5.188.86.40,0
5.188.86.56,0
5.188.87.9,0
5.188.9.10,0
5.188.9.25,0
5.188.9.30,0
5.235.101.180,3
5.238.212.4,3
5.35.31.241,0
5.37.218.192,3
5.39.216.134,0
5.39.216.193,1
5.39.216.195,1
5.39.216.253,1
5.39.218.197,0
5.44.168.162,3
5.62.34.35,0
5.78.65.2,3
50.112.155.198,0
50.112.201.212,0
50.125.83.27,0
50.16.189.107,0
50.16.214.170,0
50.16.227.133,0
50.16.95.170,0
50.17.178.64,0
50.17.228.28,0
50.17.234.198,0
50.19.100.203,0
50.19.109.243,0
50.19.247.154,0
50.19.84.118,0
50.201.141.102,2
50.204.242.68,3
50.23.71.51,0
50.233.61.2,0
50.255.85.146,0
50.63.136.4,0
50.64.9.0,0
50.88.240.195,3
50.97.162.171,0
50.97.40.233,0
51.211.183.245,3
52.0.108.62,0
52.0.15.105,0
52.0.157.68,0
52.0.195.74,0
52.0.224.144,0
52.0.63.14,0
52.1.183.114,0
52.1.196.17,0
52.1.201.118,0
52.1.226.202,0
52.1.255.181,0
52.1.5.34,0
52.1.63.165,0
52.1.90.207,0
52.10.90.140,0
52.10.99.146,0
52.14.9.34,0
52.158.236.248,0
52.17.197.111,0
52.178.192.146,0
52.185.151.41,0
52.19.105.22,0
52.2.113.107,0
52.2.131.164,0
52.2.225.154,0
52.2.5.150,0
52.2.86.98,0
52.20.114.94,0
52.20.12.16,0
52.20.125.235,0
52.20.17.139,0
52.20.17.81,0
52.20.187.235,0
52.20.233.27,0
52.20.253.85,0
52.20.30.109,0
52.20.66.66,0
52.20.7.113,0
52.20.73.160,0
52.200.159.117,0
52.200.164.141,0
52.200.196.186,0
52.200.30.173,0
52.201.112.171,0
52.202.198.212,0
52.202.2.188,0
52.202.232.207,0
52.202.248.138,0
52.202.41.251,0
52.202.7.33,0
52.203.140.232,0
52.203.19.126,0
52.203.201.18,0
52.203.205.209,0
52.203.206.199,0
52.203.210.222,0
52.204.2.216,0
52.204.224.212,0
52.204.247.161,0
52.204.247.30,0
52.204.255.156,0
52.204.36.21,0
52.205.108.47,0
52.205.157.173,0
52.205.58.139,0
52.205.87.73,0
52.206.102.95,0
52.206.166.212,0
52.206.168.245,0
52.206.176.91,0
52.206.35.17,0
52.206.50.251,0
52.207.102.156,0
52.207.156.239,0
52.207.200.147,0
52.207.5.63,0
52.207.50.238,0
52.207.57.149,0
52.207.61.132,0
52.209.205.49,0
52.209.226.12,0
52.209.227.123,0
52.21.201.244,0
52.21.233.184,0
52.210.121.26,0
52.210.72.135,0
52.213.131.151,0
52.213.91.63,0
52.213.94.235,0
52.216.1.128,0
52.216.1.216,0
52.216.1.27,0
52.216.130.131,0
52.216.132.19,0
52.216.16.48,0
52.216.160.211,0
52.216.160.75,0
52.216.161.3,0
52.216.162.219,0
52.216.163.19,0
52.216.163.27,0
52.216.164.107,0
52.216.165.147,0
52.216.165.203,0
52.216.165.211,0
52.216.165.67,0
52.216.166.35,0
52.216.17.43,0
52.216.20.253,0
52.216.224.64,0
52.216.225.155,0
52.216.226.208,0
52.216.228.32,0
52.216.228.72,0
52.216.65.24,0
52.216.65.99,0
52.216.80.152,0
52.216.82.144,0
52.216.82.219,0
52.216.82.88,0
52.216.84.203,0
52.216.84.59,0
52.216.85.171,0
52.216.86.61,0
52.216.96.187,0
52.216.97.195,0
52.216.98.163,0
52.216.99.107,0
52.218.200.122,0
52.218.201.34,0
52.219.80.3,0
52.22.120.12,0
52.22.163.156,0
52.22.179.159,0
52.22.245.163,0
52.22.52.111,0
52.22.63.50,0
52.22.68.31,0
52.22.83.4,0
52.229.170.171,0
52.23.3.197,0
52.239.137.4,0
52.24.183.185,0
52.242.29.77,0
52.25.10.191,0
52.25.153.217,0
52.25.154.197,0
52.26.179.183,0
52.26.44.226,0
52.26.56.183,0
52.27.240.12,0
52.27.241.27,0
52.27.86.92,0
52.3.188.193,0
52.3.48.158,0
52.3.55.179,0
52.3.73.49,0
52.3.86.250,0
52.3.95.241,0
52.30.74.252,0
52.31.122.196,0
52.32.234.216,0
52.33.245.124,0
52.35.81.238,0
52.36.144.43,0
52.36.71.24,0
52.37.48.84,0
52.38.149.111,0
52.4.13.99,0
52.4.191.175,0
52.4.199.240,0
52.4.35.190,0
52.4.62.11,0
52.4.7.196,0
52.4.89.107,0
52.41.138.143,0
52.41.192.90,0
52.42.16.210,0
52.42.180.72,0
52.42.20.106,0
52.43.54.37,0
52.44.162.213,0
52.44.192.243,0
52.44.21.163,0
52.44.243.12,0
52.44.71.195,0
52.45.109.63,0
52.45.11.188,0
52.45.112.188,0
52.45.128.130,0
52.45.154.11,0
52.45.195.29,0
52.48.126.250,0
52.5.129.223,0
52.5.149.200,0
52.5.149.245,0
52.5.239.160,0
52.5.246.171,0
52.5.25.66,0
52.5.76.109,0
52.5.92.144,0
52.5.96.181,0
52.50.144.182,0
52.51.129.14,0
52.54.111.199,0
52.54.144.255,0
52.54.15.82,0
52.54.194.109,0
52.54.194.199,0
52.54.241.250,0
52.55.59.72,0
52.6.111.117,0
52.6.122.47,0
52.6.142.213,0
52.6.221.9,0
52.6.253.19,0
52.6.36.75,0
52.6.70.163,0
52.63.87.177,0
52.7.208.137,0
52.71.183.195,0
52.71.210.195,0
52.71.215.87,0
52.72.156.243,0
52.72.159.231,0
52.72.162.120,0
52.72.21.40,0
52.72.24.181,0
52.72.241.201,0
52.72.99.35,0
52.73.21.18,0
52.73.214.223,0
52.73.225.56,0
52.73.230.99,0
52.73.250.52,0
52.73.52.92,0
52.73.77.245,0
52.77.250.219,3
52.84.1.101,0
52.84.117.201,0
52.84.118.10,0
52.84.118.118,0
52.84.118.123,0
52.84.118.126,0
52.84.118.133,0
52.84.118.137,0
52.84.118.146,0
52.84.118.165,0
52.84.118.182,0
52.84.118.20,0
52.84.118.207,0
52.84.118.211,0
52.84.118.216,0
52.84.118.219,0
52.84.118.223,0
52.84.118.228,0
52.84.118.253,0
52.84.118.4,0
52.84.118.45,0
52.84.118.7,0
52.84.118.72,0
52.84.121.137,0
52.84.121.153,0
52.84.121.155,0
52.84.122.201,0
52.84.124.151,0
52.84.124.172,0
52.84.124.233,0
52.84.124.94,0
52.84.128.109,0
52.84.128.114,0
52.84.128.120,0
52.84.128.123,0
52.84.128.13,0
52.84.128.133,0
52.84.128.141,0
52.84.128.153,0
52.84.128.165,0
52.84.128.167,0
52.84.128.169,0
52.84.128.17,0
52.84.128.181,0
52.84.128.182,0
52.84.128.190,0
52.84.128.195,0
52.84.128.201,0
52.84.128.220,0
52.84.128.228,0
52.84.128.246,0
52.84.128.251,0
52.84.128.253,0
52.84.128.40,0
52.84.128.53,0
52.84.128.92,0
52.84.14.100,0
52.84.14.111,0
52.84.14.123,0
52.84.14.158,0
52.84.14.17,0
52.84.14.171,0
52.84.14.173,0
52.84.14.188,0
52.84.14.189,0
52.84.14.194,0
52.84.14.199,0
52.84.14.210,0
52.84.14.221,0
52.84.14.242,0
52.84.14.25,0
52.84.14.76,0
52.84.14.83,0
52.84.14.87,0
52.84.14.90,0
52.84.2.117,0
52.84.2.187,0
52.84.4.225,0
52.84.56.161,0
52.84.57.195,0
52.84.57.47,0
52.84.58.225,8
52.84.59.165,0
52.84.60.216,0
52.84.62.243,0
52.84.63.106,0
52.84.63.11,0
52.84.63.123,0
52.84.63.13,0
52.84.63.141,0
52.84.63.144,0
52.84.63.149,0
52.84.63.151,0
52.84.63.161,0
52.84.63.190,0
52.84.63.202,0
52.84.63.233,0
52.84.63.235,0
52.84.63.25,0
52.84.63.253,0
52.84.63.28,0
52.84.63.3,0
52.84.63.30,0
52.84.63.31,0
52.84.63.36,0
52.84.63.55,0
52.84.63.66,0
52.84.63.69,0
52.84.63.70,0
52.84.63.72,0
52.84.63.76,0
52.84.63.78,0
52.84.63.8,0
52.84.63.83,0
52.84.64.102,0
52.84.64.109,0
52.84.64.113,0
52.84.64.120,0
52.84.64.135,0
52.84.64.138,0
52.84.64.139,0
52.84.64.141,0
52.84.64.147,0
52.84.64.150,0
52.84.64.159,0
52.84.64.161,0
52.84.64.18,0
52.84.64.184,0
52.84.64.185,0
52.84.64.187,0
52.84.64.198,0
52.84.64.208,0
52.84.64.21,0
52.84.64.216,0
52.84.64.218,0
52.84.64.220,0
52.84.64.224,0
52.84.64.226,0
52.84.64.234,0
52.84.64.249,0
52.84.64.250,0
52.84.64.252,0
52.84.64.33,0
52.84.64.39,0
52.84.64.42,0
52.84.64.43,0
52.84.64.50,0
52.84.64.74,0
52.84.64.86,0
52.84.64.96,0
52.84.64.99,0
52.84.65.141,0
52.84.67.200,0
52.84.7.116,0
52.84.7.129,0
52.84.7.131,0
52.84.7.141,0
52.84.7.227,0
52.84.7.238,0
52.84.7.243,0
52.84.7.97,0
52.84.8.215,0
52.85.101.10,0
52.85.101.128,0
52.85.101.138,0
52.85.101.155,0
52.85.101.162,0
52.85.101.164,0
52.85.101.184,0
52.85.101.19,0
52.85.101.2,0
52.85.101.200,0
52.85.101.207,0
52.85.101.215,0
52.85.101.216,0
52.85.101.246,0
52.85.101.254,0
52.85.101.26,0
52.85.101.42,0
52.85.101.75,0
52.85.101.76,0
52.85.101.89,0
52.85.105.23,0
52.85.112.111,0
52.85.112.112,0
52.85.112.176,0
52.85.112.235,0
52.85.112.240,0
52.85.112.242,0
52.85.112.48,0
52.85.112.6,0
52.85.112.63,0
52.85.117.111,0
52.85.117.151,0
52.85.117.197,0
52.85.117.214,0
52.85.117.225,0
52.85.117.232,0
52.85.117.240,0
52.85.117.29,0
52.85.117.6,0
52.85.117.75,0
52.85.117.96,0
52.85.117.97,0
52.85.130.64,0
52.85.130.82,0
52.85.131.106,0
52.85.131.115,0
52.85.131.120,0
52.85.131.123,0
52.85.131.127,0
52.85.131.131,0
52.85.131.140,0
52.85.131.141,0
52.85.131.148,0
52.85.131.149,0
52.85.131.153,0
52.85.131.159,0
52.85.131.165,0
52.85.131.172,0
52.85.131.174,0
52.85.131.177,0
52.85.131.18,0
52.85.131.186,0
52.85.131.188,0
52.85.131.193,0
52.85.131.198,0
52.85.131.201,0
52.85.131.205,0
52.85.131.219,0
52.85.131.22,0
52.85.131.220,0
52.85.131.230,0
52.85.131.236,0
52.85.131.242,0
52.85.131.254,0
52.85.131.34,0
52.85.131.36,0
52.85.131.39,0
52.85.131.60,0
52.85.131.62,0
52.85.131.77,0
52.85.131.95,0
52.85.133.101,0
52.85.133.129,0
52.85.133.130,0
52.85.133.134,0
52.85.133.140,0
52.85.133.147,0
52.85.133.148,0
52.85.133.152,0
52.85.133.155,0
52.85.133.156,0
52.85.133.231,0
52.85.133.237,0
52.85.133.247,0
52.85.133.30,0
52.85.133.32,0
52.85.133.49,0
52.85.133.5,0
52.85.133.62,0
52.85.133.64,0
52.85.133.73,0
52.85.133.91,0
52.85.133.96,0
52.85.135.226,0
52.85.236.252,0
52.85.236.57,0
52.85.236.85,0
52.85.88.72,0
52.85.89.109,0
52.85.89.123,0
52.85.89.135,0
52.85.89.145,0
52.85.89.156,0
52.85.89.167,0
52.85.89.184,0
52.85.89.201,0
52.85.89.208,0
52.85.89.215,0
52.85.89.22,0
52.85.89.221,0
52.85.89.224,0
52.85.89.240,0
52.85.89.3,0
52.85.89.35,0
52.85.89.51,0
52.85.89.52,0
52.85.89.56,0
52.85.89.60,0
52.85.89.62,0
52.85.89.83,0
52.85.89.84,0
52.85.89.85,0
52.85.89.88,0
52.85.89.93,0
52.85.89.94,0
52.85.89.97,0
52.85.89.99,0
52.85.90.105,0
52.85.90.175,0
52.85.90.181,0
52.85.90.189,0
52.85.90.190,0
52.85.90.203,0
52.85.90.219,0
52.85.90.234,0
52.85.90.242,0
52.85.90.243,0
52.85.90.47,0
52.85.90.51,0
52.85.90.57,0
52.85.90.58,0
52.85.90.59,0
52.85.90.7,0
52.85.90.72,0
52.85.90.74,0
52.85.90.88,0
52.86.210.189,0
52.86.222.56,0
52.86.241.150,0
52.86.52.30,0
52.86.79.146,0
52.87.102.89,0
52.87.134.6,0
52.87.4.118,0
52.89.179.237,0
52.9.91.159,3
52.94.236.123,0
54.145.132.31,0
54.148.131.146,0
54.148.143.136,0
54.148.174.87,0
54.148.78.135,0
54.149.36.237,0
54.149.52.189,0
54.152.213.73,0
54.152.238.48,0
54.152.67.200,0
54.154.36.248,0
54.156.9.178,0
54.164.173.59,0
54.164.178.102,0
54.164.192.200,0
54.164.34.249,0
54.164.45.172,0
54.165.251.1,0
54.165.252.214,0
54.165.91.238,0
54.172.144.158,0
54.172.67.64,0
54.173.195.187,0
54.173.6.252,0
54.174.111.215,0
54.174.169.159,0
54.174.229.179,0
54.174.27.65,0
54.174.92.97,0
54.175.85.243,0
54.183.87.31,0
54.186.80.147,0
54.187.159.180,0
54.191.181.52,0
54.191.241.246,0
54.191.37.101,0
54.191.46.28,0
54.192.192.114,0
54.192.192.192,0
54.192.193.244,0
54.192.193.78,8
54.192.36.143,0
54.192.37.115,0
54.192.37.131,0
54.192.37.140,0
54.192.37.18,0
54.192.37.20,0
54.192.37.208,0
54.192.37.220,0
54.192.37.231,0
54.192.37.239,0
54.192.37.45,0
54.192.37.54,0
54.192.37.68,0
54.192.37.71,0
54.192.37.98,0
54.192.39.19,0
54.192.52.225,0
54.192.53.65,0
54.192.54.224,0
54.192.54.63,0
54.192.88.25,0
54.192.89.85,0
54.192.91.195,0
54.197.254.72,0
54.201.139.173,0
54.201.62.3,0
54.208.217.84,0
54.208.250.50,0
54.209.114.22,0
54.209.163.240,0
54.209.222.211,0
54.209.6.94,0
54.209.92.179,0
54.210.118.128,0
54.210.241.203,0
54.213.128.137,0
54.213.229.227,0
54.213.24.51,0
54.221.218.84,0
54.221.236.221,0
54.221.244.225,0
54.225.131.61,0
54.225.144.70,0
54.225.151.184,0
54.225.160.173,0
54.225.203.48,0
54.225.214.175,0
54.225.214.89,0
54.225.215.72,0
54.225.224.88,0
54.228.244.151,0
54.230.193.16,0
54.230.36.104,0
54.230.36.67,0
54.230.52.154,0
54.230.55.188,0
54.230.55.97,0
54.230.88.216,0
54.231.113.251,0
54.231.114.211,0
54.231.134.128,0
54.231.134.48,0
54.231.184.222,0
54.231.50.42,0
54.235.106.135,0
54.235.121.85,0
54.235.186.179,0
54.235.198.234,0
54.235.73.206,0
54.235.89.55,0
54.235.89.91,0
54.236.103.50,0
54.236.118.194,0
54.236.222.192,0
54.239.152.231,0
54.239.28.235,0
54.240.190.181,0
54.240.190.61,0
54.240.190.63,8
54.243.109.250,0
54.243.114.54,0
54.243.123.68,0
54.243.144.151,0
54.243.144.32,0
54.243.147.129,0
54.243.149.101,0
54.243.151.79,0
54.243.166.185,0
54.243.169.24,0
54.243.171.199,0
54.243.228.48,0
54.243.236.98,0
54.243.254.17,0
54.243.34.170,0
54.243.41.32,0
54.243.71.56,0
54.243.72.161,0
54.243.73.41,0
54.243.79.104,0
54.36.54.216,0
54.37.229.180,0
54.68.157.14,0
54.69.100.200,0
54.69.171.219,0
54.69.171.226,0
54.69.172.37,0
54.69.20.216,0
54.69.224.218,0
54.69.50.251,0
54.70.252.70,0
54.71.170.35,0
54.76.209.34,0
54.76.63.217,0
54.77.123.143,0
54.77.97.180,0
54.80.218.53,0
54.81.202.245,0
54.81.223.182,0
54.82.121.28,0
54.82.164.135,0
54.82.211.213,0
54.83.191.156,0
54.84.157.239,0
54.84.179.77,0
54.84.207.177,0
54.84.69.113,0
54.84.95.204,0
54.85.111.51,0
54.85.113.210,0
54.85.125.121,0
54.85.210.22,0
54.85.40.222,0
54.85.83.154,0
54.85.83.207,0
54.86.147.193,0
54.86.194.237,0
54.86.197.9,0
54.86.203.244,0
54.86.210.165,0
54.86.40.179,0
54.86.47.4,0
54.87.211.125,0
54.88.179.172,0
54.88.232.72,0
58.136.93.150,3
58.157.42.125,0
58.185.29.178,5
58.187.70.92,3
58.26.203.58,2
58.27.46.30,0
58.56.117.108,3
58.56.96.27,3
58.57.192.50,3
58.64.10.10,3
58.68.20.150,3
58.71.62.21,2
58.84.22.69,3
59.124.106.85,3
59.125.0.107,3
59.60.31.217,0
59.62.103.76,0
59.90.229.95,3
59.90.84.85,3
59.92.76.44,3
59.97.255.232,3
60.163.30.37,3
60.173.82.156,0
60.191.149.99,3
60.191.38.78,0
60.249.250.46,3
60.250.87.222,3
60.251.157.31,3
61.0.235.90,0
61.12.38.70,3
61.131.207.66,3
61.160.221.228,3
61.172.243.225,0
61.19.104.78,2
61.19.64.58,0
61.19.80.99,3
61.2.14.14,2
61.216.99.175,3
61.228.154.112,3
61.5.55.18,3
61.62.184.231,3
61.62.246.109,3
61.7.242.98,3
61.8.129.66,2
61.94.214.213,2
61.94.37.182,3
62.117.117.106,2
62.133.162.61,0
62.149.73.179,0
62.149.99.239,0
62.176.18.195,0
62.182.11.3,3
62.182.76.68,2
62.183.115.226,3
62.210.124.235,5
62.210.204.126,3
62.210.204.58,3
62.221.79.86,3
62.85.68.253,3
62.97.112.104,3
63.130.129.63,0
63.130.38.30,0
63.134.242.15,0
63.140.54.191,0
63.141.142.121,0
63.141.159.117,0
63.146.120.177,0
63.241.180.196,3
63.251.210.233,0
63.251.88.51,0
63.251.88.56,0
63.251.88.57,0
63.251.98.12,0
64.255.128.138,0
64.69.216.234,0
64.74.232.52,0
64.90.206.119,0
65.123.202.139,0
65.158.47.45,0
65.158.47.56,0
65.158.47.99,0
65.255.120.56,0
65.46.163.230,3
65.55.44.108,8
65.55.44.109,8
65.99.228.20,0
66.119.144.157,0
66.150.118.12,0
66.150.118.16,0
66.150.118.31,0
66.150.118.32,0
66.150.118.41,0
66.150.118.42,0
66.150.118.43,0
66.150.118.44,0
66.150.118.50,0
66.150.118.52,0
66.150.118.54,0
66.150.118.55,0
66.150.118.61,0
66.150.118.65,0
66.150.121.21,0
66.154.112.42,3
66.161.227.18,3
66.162.234.202,3
66.171.241.110,0
66.192.199.154,0
66.199.113.158,0
66.218.72.112,0
66.23.227.15,0
66.235.138.195,0
66.235.139.19,0
66.235.139.207,0
66.235.144.193,0
66.235.144.249,0
66.235.146.77,0
66.235.147.236,0
66.235.147.237,0
66.235.147.238,0
66.235.147.240,0
66.235.147.244,0
66.235.147.246,0
66.235.153.38,0
66.240.213.93,0
66.240.219.146,0
66.70.160.144,0
66.96.149.1,0
67.100.136.146,0
67.154.189.4,3
67.202.179.26,0
67.216.174.244,3
67.225.141.161,0
67.227.156.183,8
67.41.255.121,0
67.78.106.132,3
68.64.209.254,0
68.65.151.102,0
68.67.178.109,0
68.67.178.132,0
68.67.178.134,0
68.67.178.138,0
68.67.178.173,0
68.67.178.230,0
68.67.178.246,0
68.67.180.44,0
68.67.180.45,0
69.128.116.250,0
69.147.92.11,0
69.147.92.12,0
69.150.162.187,0
69.165.220.134,3
69.172.216.55,0
69.172.216.58,0
69.31.11.199,0
69.31.28.146,0
69.49.100.146,0
69.49.100.147,0
69.64.94.141,0
69.73.46.30,3
71.1.214.19,0
71.40.80.59,3
71.78.8.242,3
71.9.156.30,0
72.139.0.114,0
72.165.185.54,0
72.167.239.239,6
72.21.202.25,0
72.21.81.200,0
72.21.81.240,0
72.21.91.110,0
72.21.91.113,0
72.21.91.29,6
72.21.91.41,0
72.21.91.42,0
72.21.91.66,0
72.21.91.70,0
72.21.91.8,0
72.213.94.219,0
72.247.176.85,0
72.247.8.180,0
72.30.2.182,0
72.30.3.43,0
72.38.71.6,0
72.38.76.18,0
72.94.32.44,0
73.174.235.114,0
74.113.188.100,0
74.114.149.247,0
74.117.199.102,0
74.117.206.64,0
74.117.206.68,0
74.118.81.74,3
74.119.119.66,0
74.119.119.68,0
74.119.119.69,0
74.119.119.70,0
74.119.119.76,0
74.119.119.79,0
74.119.119.84,0
74.119.119.96,0
74.121.138.26,0
74.122.121.120,3
74.125.135.147,0
74.125.136.120,0
74.125.28.103,0
74.125.28.104,0
74.125.28.105,0
74.125.28.106,0
74.125.28.147,0
74.125.28.94,0
74.125.28.99,0
74.125.34.46,0
74.191.95.117,3
74.208.246.208,0
74.208.41.246,3
74.217.43.75,0
74.242.236.227,0
74.6.137.78,0
74.63.151.6,3
74.87.88.130,3
77.106.244.219,0
77.222.108.128,0
77.222.108.145,3
77.222.109.243,3
77.222.115.116,3
77.222.96.26,2
77.222.97.76,3
77.243.191.18,0
77.243.191.21,5
77.243.191.23,5
77.245.97.164,3
77.52.176.202,3
77.72.82.125,0
77.72.82.135,0
77.72.82.145,0
77.72.82.147,0
77.72.82.57,0
77.72.82.72,0
77.72.82.80,0
77.72.82.98,0
77.72.85.14,0
77.87.103.95,3
77.88.47.85,0
77.91.195.53,3
78.100.65.226,0
78.131.58.254,0
78.157.239.11,3
78.184.139.136,3
78.186.122.59,0
78.186.36.129,3
78.186.41.101,2
78.186.88.100,3
78.187.109.9,2
78.189.206.90,0
78.189.95.64,3
78.29.28.166,3
78.31.64.142,2
78.37.70.230,3
78.39.61.22,3
78.56.177.118,3
78.85.5.62,3
79.124.31.19,0
79.134.154.38,3
79.142.88.110,3
79.164.140.45,0
79.164.46.51,0
79.172.0.172,3
79.173.251.150,3
79.174.248.227,2
79.53.43.134,3
8.2.208.240,0
8.253.110.234,0
8.253.185.223,0
8.253.185.95,0
8.41.222.241,0
8.43.72.113,0
8.43.72.22,0
8.43.72.32,0
8.43.72.34,0
8.43.72.42,0
8.43.72.52,0
8.43.72.54,0
8.43.72.62,0
8.43.72.67,0
8.43.72.97,0
8.43.72.98,0
80.14.23.93,3
80.211.191.142,0
80.244.178.69,0
80.246.94.4,3
80.255.80.94,0
80.29.122.27,3
80.36.162.33,0
80.82.66.185,3
80.86.71.130,3
80.91.190.168,0
81.128.233.210,3
81.137.195.75,0
81.192.225.36,0
81.213.241.153,3
81.219.150.218,3
81.30.208.11,3
81.30.223.95,3
81.88.195.122,3
81.9.208.152,3
82.11.79.37,3
82.138.49.230,3
82.198.171.178,3
82.199.102.246,3
82.207.72.94,3
82.208.180.67,3
82.221.105.6,0
82.222.48.222,3
82.223.15.112,0
82.37.247.211,3
82.80.41.234,3
83.110.107.154,3
83.110.159.112,3
83.110.97.110,3
83.142.233.148,3
83.149.44.240,3
83.149.45.235,0
83.149.46.144,3
83.149.47.210,3
83.17.9.146,3
83.30.30.167,0
84.201.133.21,0
84.22.167.61,0
84.237.128.122,3
84.39.244.43,3
84.42.19.70,3
84.54.141.225,3
85.110.66.211,3
85.111.77.177,3
85.130.86.173,3
85.132.5.14,3
85.174.84.86,3
85.218.242.8,3
85.234.130.189,0
85.92.185.147,3
85.98.45.109,2
86.213.21.167,0
86.96.196.62,0
87.110.140.120,3
87.117.56.52,3
87.117.6.207,3
87.205.21.84,3
87.229.197.168,3
87.241.197.238,3
87.245.139.210,3
87.246.157.124,3
88.135.124.169,2
88.200.166.18,3
88.200.237.123,3
88.206.61.255,2
88.230.154.69,3
88.240.192.101,3
88.243.174.102,0
88.255.159.106,3
88.255.183.34,2
88.255.251.92,0
88.255.35.190,3
88.255.50.192,3
88.255.50.200,2
88.87.200.58,2
89.107.112.42,3
89.109.236.207,3
89.151.179.45,3
89.163.206.220,0
89.165.8.72,3
89.19.111.196,3
89.19.180.36,3
89.19.26.186,3
89.207.108.59,3
89.207.88.131,3
89.215.250.83,2
89.218.50.6,0
89.218.69.2,3
89.218.85.190,3
89.219.107.95,3
89.232.70.107,3
89.248.167.131,0
89.248.173.144,0
89.39.113.8,0
89.41.245.128,3
89.43.143.189,3
91.126.105.227,3
91.148.123.86,3
91.191.19.129,3
91.193.172.134,3
91.193.172.153,3
91.197.187.57,0
91.205.128.229,3
91.207.54.2,0
91.211.106.103,3
91.216.133.114,3
91.228.236.128,3
91.230.191.62,0
91.232.146.131,3
91.232.8.208,3
91.233.145.48,3
91.237.182.72,3
91.243.196.38,2
91.98.113.211,3
91.98.70.153,3
92.223.231.190,0
92.252.143.221,3
92.252.156.184,3
92.45.199.113,3
92.45.52.78,3
92.49.190.119,3
92.51.66.2,3
92.51.75.246,3
93.114.130.163,3
93.157.144.76,3
93.157.175.19,0
93.158.246.28,3
93.163.74.58,2
93.177.176.148,3
93.183.216.136,0
93.184.215.240,0
93.184.216.172,0
93.184.216.180,0
93.184.216.182,0
93.62.229.194,3
93.64.246.234,3
93.65.186.41,3
93.80.174.180,0
93.80.29.108,2
93.94.219.130,3
94.130.104.11,0
94.137.9.242,3
94.20.77.77,3
94.21.221.6,3
94.232.104.21,2
94.25.8.218,3
94.29.126.2,0
94.31.29.16,0
94.31.29.249,0
94.31.29.254,0
94.31.29.54,0
94.31.29.64,0
94.75.155.180,2
94.97.121.101,3
94.97.244.203,3
94.97.88.253,3
95.0.136.162,3
95.0.185.19,0
95.107.177.17,3
95.107.5.244,0
95.138.242.206,0
95.143.206.12,3
95.143.7.214,3
95.152.26.148,3
95.180.235.195,3
95.181.2.87,3
95.189.97.98,3
95.215.244.58,3
95.215.48.196,0
95.221.78.7,3
95.241.16.109,2
95.27.41.119,3
95.29.189.238,3
95.31.173.132,2
95.46.171.249,3
95.47.104.216,3
95.52.229.3,3
95.58.86.54,0
95.6.16.145,3
95.67.40.135,3
95.67.79.82,0
95.71.149.6,2
95.78.161.39,3
96.16.153.170,0
96.16.79.82,0
96.17.102.31,0
96.43.104.252,3
96.57.36.42,0
96.66.25.17,5
96.67.34.199,0
96.7.48.63,0
97.76.12.186,2
97.77.39.118,0
97.92.104.246,0
98.100.152.66,3
98.138.49.92,0
98.139.225.35,0
98.139.28.141,0
98.142.110.66,3
98.209.125.19,0
99.229.42.185,0
104.16.146.229,0
104.16.160.13,0
104.16.162.13,0
104.16.164.13,0
104.16.5.159,0
104.160.64.30,0
104.17.175.200,0
104.17.176.200,0
104.17.177.200,0
104.17.178.200,0
104.17.179.200,0
104.18.33.186,0
104.196.121.170,0
104.196.173.14,0
104.196.173.4,0
104.196.176.36,0
104.196.212.162,0
104.196.97.66,0
104.196.98.113,0
104.24.110.169,0
104.244.43.177,0
104.244.43.209,0
104.31.74.124,0
104.31.75.124,0
107.22.140.69,0
107.22.187.194,0
107.22.216.68,0
107.22.242.114,0
108.168.218.170,0
108.168.218.173,0
120.50.136.181,0
122.9.245.150,0
13.107.18.11,0
13.107.43.11,0
13.32.16.11,0
13.33.160.40,0
13.33.164.216,0
13.33.164.228,0
13.33.164.37,0
13.33.164.38,0
13.33.164.91,0
13.33.165.72,0
13.56.126.150,0
13.78.235.126,0
13.89.185.177,0
131.202.240.17,0
131.202.242.193,0
131.253.61.64,0
131.253.61.66,0
131.253.61.68,0
131.253.61.70,0
131.253.61.82,0
131.253.61.84,0
131.253.61.86,0
131.253.61.98,0
138.108.6.20,0
138.197.51.123,0
138.201.8.30,0
144.217.101.180,0
146.20.133.105,0
146.255.103.33,0
147.203.60.11,0
149.202.93.239,0
149.56.163.21,0
149.56.163.33,0
149.56.163.51,0
149.56.163.53,0
15.73.200.26,0
151.101.32.233,0
151.101.65.69,0
151.101.66.49,0
151.139.236.237,0
152.195.14.100,0
152.195.32.110,0
152.195.32.132,0
158.69.27.22,0
159.127.42.105,0
159.127.42.158,0
159.127.42.204,0
159.127.42.76,0
162.208.117.11,0
162.208.20.184,0
162.208.22.39,0
162.252.73.8,0
166.78.139.188,0
169.45.72.149,0
169.45.72.153,0
169.54.33.175,0
169.54.33.189,0
169.55.70.149,0
169.55.70.175,0
169.55.70.195,0
169.55.70.244,0
172.217.13.74,0
172.217.17.67,0
172.217.20.35,0
172.217.7.142,0
172.82.206.16,0
173.192.91.155,0
173.192.91.158,0
173.194.68.156,0
173.241.242.143,0
173.241.242.220,0
173.241.244.143,0
173.241.244.220,0
178.250.0.77,0
178.250.0.85,0
18.217.166.230,0
184.72.248.115,0
184.73.155.237,0
184.73.198.158,0
185.235.85.232,0
185.235.85.75,0
185.54.150.19,0
185.93.1.12,0
185.93.1.4,0
192.30.253.113,0
192.33.31.161,0
192.35.249.120,0
192.65.229.43,0
192.99.44.208,0
195.209.111.17,0
198.11.132.250,0
198.51.152.178,0
198.51.152.179,0
198.51.152.183,0
198.8.70.128,0
199.166.0.200,0
199.38.165.26,0
199.38.165.28,0
199.38.167.128,0
199.38.167.129,0
199.38.167.202,0
199.38.167.209,0
199.59.149.243,0
204.13.197.71,0
204.13.197.86,0
204.154.111.108,0
204.154.111.109,0
204.154.111.110,0
204.154.111.114,0
204.154.111.116,0
204.154.111.118,0
204.154.111.119,0
204.154.111.121,0
204.154.111.122,0
204.154.111.131,0
204.154.111.134,0
204.2.197.201,0
204.2.197.211,0
204.2.197.214,0
204.238.82.5,0
204.79.197.203,0
205.186.147.63,0
205.218.48.210,0
205.247.120.100,0
208.101.15.35,0
208.111.131.129,0
208.111.135.1,0
208.111.161.154,0
208.43.71.132,0
208.89.12.87,0
209.15.36.32,0
209.204.227.238,0
209.85.203.121,0
209.85.203.19,0
212.199.163.170,0
213.155.156.185,0
216.155.194.56,0
216.168.252.240,0
216.184.8.41,0
216.200.232.114,0
216.200.232.172,0
216.200.232.185,0
216.200.232.195,0
216.200.232.201,0
216.200.232.216,0
216.58.209.131,0
216.58.211.169,0
216.58.217.162,0
216.58.217.170,0
216.58.217.74,0
216.92.2.155,0
217.10.139.198,0
224.0.0.22,8
224.0.0.252,8
23.15.7.121,0
23.15.7.136,0
23.15.7.144,0
23.21.170.133,0
23.21.185.100,0
23.218.55.94,0
23.227.37.162,0
23.227.55.162,0
23.23.232.167,0
23.23.76.125,0
23.23.99.109,0
23.36.32.155,0
23.36.92.19,0
23.92.190.68,0
23.92.190.69,0
23.92.190.74,0
239.255.255.250,0
34.192.139.216,0
34.193.235.26,0
34.194.105.86,0
34.194.227.0,0
34.194.91.245,0
34.195.142.8,0
34.195.146.49,0
34.197.14.68,0
34.198.108.15,0
34.198.112.216,0
34.198.134.222,0
34.198.61.240,0
34.199.135.89,0
34.199.199.109,0
34.201.37.24,0
34.202.15.38,0
34.203.99.28,0
34.204.79.15,0
34.205.1.52,0
34.207.165.252,0
34.213.198.1,0
34.224.133.46,0
34.224.157.199,0
34.227.203.141,0
34.230.178.190,0
34.231.128.133,0
34.232.28.246,0
34.233.138.21,0
34.233.216.98,0
34.233.94.222,0
34.234.168.117,0
34.235.65.10,0
34.235.70.86,0
34.236.183.236,0
34.236.96.209,0
34.237.234.255,0
34.238.24.243,0
34.239.169.214,0
35.168.153.218,0
35.170.15.15,0
35.170.72.196,0
35.185.110.45,0
35.185.57.166,0
35.185.64.230,0
35.185.66.230,0
35.185.82.249,0
35.186.161.59,0
35.190.139.114,0
35.190.152.89,0
35.190.165.235,0
35.190.189.144,0
35.196.173.150,0
35.196.63.76,0
40.69.222.109,0
40.77.228.92,0
40.79.85.125,0
45.32.138.106,0
45.32.138.210,0
46.236.32.132,0
5.196.119.249,0
50.116.194.21,0
50.116.194.23,0
50.17.228.201,0
50.19.51.56,0
50.31.185.52,0
50.63.202.25,0
50.97.130.118,0
52.0.228.151,0
52.0.88.153,0
52.1.135.132,0
52.165.231.192,0
52.17.86.110,0
52.183.114.173,0
52.2.254.235,0
52.200.15.156,0
52.203.90.24,0
52.203.95.194,0
52.204.61.141,0
52.207.123.112,0
52.21.113.122,0
52.210.28.195,0
52.216.162.179,0
52.218.144.63,0
52.218.160.47,0
52.218.192.115,0
52.218.192.195,0
52.218.192.203,0
52.218.192.211,0
52.218.193.203,0
52.218.193.227,0
52.218.200.19,0
52.218.200.43,0
52.218.200.75,0
52.218.209.203,0
52.222.218.60,0
52.3.10.212,0
52.3.17.42,0
52.3.87.23,0
52.4.13.198,0
52.4.79.23,0
52.44.223.121,0
52.44.28.158,0
52.45.55.98,0
52.5.199.57,0
52.5.72.221,0
52.54.21.20,0
52.55.152.195,0
52.6.211.205,0
52.6.212.75,0
52.6.225.23,0
52.7.168.73,0
52.70.92.239,0
52.72.180.251,0
52.72.229.26,0
52.73.178.249,0
52.73.182.32,0
52.73.71.163,0
52.84.118.230,0
52.84.118.27,0
52.84.121.235,0
52.84.128.108,0
52.84.128.155,0
52.84.128.26,0
52.84.14.161,0
52.84.14.214,0
52.84.5.239,0
52.84.57.12,0
52.84.63.124,0
52.84.63.179,0
52.84.63.197,0
52.84.64.114,0
52.84.64.12,0
52.84.64.156,0
52.84.64.173,0
52.84.64.199,0
52.84.64.204,0
52.84.64.210,0
52.84.64.225,0
52.84.64.240,0
52.84.64.47,0
52.84.64.5,0
52.84.64.72,0
52.84.64.75,0
52.84.64.84,0
52.84.7.136,0
52.84.7.217,0
52.85.101.127,0
52.85.101.221,0
52.85.101.5,0
52.85.112.18,0
52.85.112.246,0
52.85.130.119,0
52.85.131.202,0
52.85.131.209,0
52.85.131.221,0
52.85.131.84,0
52.85.133.160,0
52.85.133.209,0
52.85.221.50,0
52.85.89.117,0
52.85.89.121,0
52.85.89.13,0
52.85.89.177,0
52.85.89.206,0
52.85.89.237,0
52.85.89.241,0
52.85.90.250,0
52.85.90.4,0
52.85.90.96,0
52.86.141.58,0
52.86.189.192,0
52.87.45.28,0
52.87.70.148,0
52.94.232.32,0
52.94.234.174,0
54.152.127.94,0
54.153.119.33,0
54.154.2.40,0
54.158.61.48,0
54.163.17.241,0
54.165.244.228,0
54.165.58.2,0
54.171.240.28,0
54.172.251.173,0
54.173.43.219,0
54.174.223.205,0
54.175.191.133,0
54.175.43.49,0
54.175.59.203,0
54.186.115.190,0
54.192.37.141,0
54.192.38.27,0
54.192.89.231,0
54.192.90.47,0
54.200.77.218,0
54.204.11.64,0
54.209.115.132,0
54.210.151.17,0
54.214.39.227,0
54.225.141.81,0
54.225.159.132,0
54.225.172.27,0
54.225.182.172,0
54.225.220.129,0
54.229.3.11,0
54.230.195.212,0
54.230.55.170,0
54.231.168.207,0
54.231.169.27,0
54.231.169.51,0
54.231.176.175,0
54.231.177.51,0
54.231.185.19,0
54.235.130.94,0
54.235.189.165,0
54.235.98.167,0
54.236.121.69,0
54.239.29.3,0
54.243.101.177,0
54.69.171.209,0
54.69.172.44,0
54.77.155.63,0
54.82.158.42,0
54.84.28.56,0
54.85.142.113,0
54.85.22.218,0
54.85.47.39,0
54.86.173.223,0
54.87.70.165,0
54.88.104.43,0
54.88.29.244,0
61.213.187.243,0
61.213.187.246,0
63.241.108.103,0
63.241.108.104,0
63.251.114.136,0
63.251.114.137,0
64.30.224.172,0
64.30.228.118,0
64.30.230.22,0
64.69.216.108,0
64.71.33.87,0
65.52.108.11,0
65.55.252.202,0
66.119.33.174,0
66.150.118.11,0
66.150.118.18,0
66.150.118.36,0
66.150.118.37,0
66.150.118.47,0
66.150.118.59,0
66.242.12.10,0
66.242.15.115,0
66.242.15.127,0
67.195.197.76,0
67.215.9.148,0
68.67.178.108,0
68.67.178.110,0
68.67.178.111,0
68.67.178.137,0
68.67.178.170,0
68.67.178.176,0
68.67.178.196,0
68.67.178.197,0
68.67.178.199,0
68.67.178.243,0
68.67.178.252,0
69.16.164.32,0
69.164.0.0,0
69.164.0.128,0
69.166.1.10,0
69.166.1.11,0
69.166.1.14,0
69.172.216.111,0
69.172.216.56,0
69.28.157.149,0
69.28.159.140,0
69.28.184.1,0
69.28.187.144,0
69.49.101.57,0
69.58.181.240,0
70.42.146.148,0
70.42.146.149,0
72.21.206.140,0
72.251.238.254,0
72.251.244.141,0
74.115.0.81,0
74.115.4.67,0
74.115.4.68,0
74.115.4.69,0
74.119.119.65,0
74.120.148.201,0
74.121.136.233,0
74.121.138.167,0
74.121.138.21,0
74.121.138.36,0
74.121.138.92,0
74.121.140.178,0
74.121.142.169,0
74.217.66.160,0
75.98.29.21,0
77.93.254.178,0
8.253.134.100,0
8.43.72.21,0
8.43.72.64,0
83.222.246.254,0
91.189.89.198,0
91.189.89.199,0
91.189.94.4,0
95.154.251.121,0
95.154.251.152,0
98.138.49.44,0
98.139.225.43,0
